time[ms],#packets last interval ,#packets overall,avrg last interval [ms],max last interval [ms],avrg overall [ms],max overall [ms],BinWidth[ms],Histogram
0.0,0,0,0.0,0.0,0.0,0.0,0.1,0 0 0 0 0 0 0 0 0 0 0 0 0 0 0 0 0 0 0 0 0 0 0 0 0 0 0 0 0 0 0 0 0 0 0 0 0 0 0 0 0 0 0 0 0 0 0 0 0 0 0 0 0 0 0 0 0 0 0 0 0 0 0 0 0 0 0 0 0 0 0 0 0 0 0 0 0 0 0 0 0 0 0 0 0 0 0 0 0 0 0 0 0 0 0 0 0 0 0 0 0 0 0 0 0 0 0 0 0 0 0 0 0 0 0 0 0 0 0 0 0 0 0 0 0 0 0 0 0 0 0 0 0 0 0 0 0 0 0 0 0 0 0 0 0 0 0 0 0 0 0 0 0 0 0 0 0 0 0 0 0 0 0 0 0 0 0 0 0 0 0 0 0 0 0 0 0 0 0 0 0 0 0 0 0 0 0 0 0 0 0 0 0 0 0 0 0 0 0 0 0 0 0 0 0 0 0 0 0 0 0 0 0 0 0 0 0 0 0 0 0 0 0 0 0 0 0 0 0 0 0 0 0 0 0 0 0 0 0 0 0 0 0 0 0 0 0 0 0 0 0 0 0 0 0 0 0 0 0 0 0 0 0 0 0 0 0 0 0 0 0 0 0 0 0 0 0 0 0 0 0 0 0 0 0 0 0 0 0 0 0 0 0 0 0 0 0 0 0 0 0 0 0 0 0 0 0 0 0 0 0 0 0 0 0 0 0 0 0 0 0 0 0 0 0 0 0 0 0 0 0 0 0 0 0 0 0 0 0 0 0 0 0 0 0 0 0 0 0 0 0 0 0 0 0 0 0 0 0 0 0 0 0 0 0 0 0 0 0 0 0 0 0 0 0 0 0 0 0 0 0 0 0 0 0 0 0 0 0 0 0 0 0 0 0 0 0 0 0 0 0 0 0 0 0 0 0 0 0 0 0 0 0 0 0 0 0 0 0 0 0 0 0 0 0 0 0 0 0 0 0 0 0 0 0 0 0 0 0 0 0 0 0 0 0 0 0 0 0 0 0 0 0 0 0 0 0 0 0 0 0 0 0 0 0 0 0 0 0 0 0 0 0 0 0 0 0 0 0 0 0 0 0 0 0 0 0 0 0 0 0 0 0 0 0 0 0 0 0 0 0 0 0 0 0 0 0 0 0 0 0 0 0 0 0 0 0 0 0 0 0 0 0 0 0 0 0 0 0 0 0 0 0 0 0 0 0 0 0 0 0 0 0 0 0 0 0 0 0 0 0 0 0 0 0 0 0 0 0 0 0 0 0 0 0 0 0 0 0 0 0 0 0 0 0 0 0 0 0 0 0 0 0 0 0 0 0 0 0 0 0 0 0 0 0 0 0 0 0 0 
500.0,85,85,48.76634117647059,92.19900000000001,48.76634117647059,92.19900000000001,0.1,0 0 0 0 0 0 0 0 0 0 0 0 0 0 0 0 0 0 0 0 0 0 0 0 0 0 0 1 0 0 0 0 0 1 0 0 0 0 0 0 0 0 0 0 1 0 1 0 0 0 0 0 0 0 1 0 1 0 1 0 0 0 0 0 0 0 0 0 0 0 0 0 0 0 0 0 0 0 0 0 0 0 0 0 0 0 0 0 0 0 0 0 0 0 0 0 0 0 0 0 1 1 0 0 0 0 0 0 0 0 0 0 0 0 0 0 0 0 0 0 0 0 0 0 0 0 0 0 0 0 0 0 0 0 0 0 0 0 0 0 0 0 0 0 0 0 0 0 0 0 0 0 0 0 0 0 0 0 0 0 0 0 0 0 0 0 0 0 0 0 0 0 0 0 0 0 0 0 0 0 0 0 0 0 0 0 0 0 0 0 0 0 0 0 0 0 0 0 0 0 0 0 0 0 0 0 0 0 0 0 0 0 0 0 0 0 0 0 0 0 0 0 0 0 0 0 0 0 0 0 0 0 0 0 0 1 0 0 0 0 0 0 0 0 0 0 0 0 0 0 0 0 0 0 0 0 0 0 0 0 0 0 0 1 0 0 0 0 0 0 0 1 0 0 0 0 0 0 0 0 0 1 1 0 0 0 0 1 0 0 0 0 0 0 0 0 0 0 0 1 0 0 0 0 0 1 0 1 0 0 0 0 0 0 1 0 0 0 0 0 0 0 0 0 0 0 0 0 0 0 0 1 0 0 0 0 0 0 0 0 1 0 0 0 0 0 0 0 1 0 0 0 0 0 1 0 0 0 0 0 1 0 0 0 0 0 0 0 0 0 0 0 0 0 0 0 0 0 0 0 0 0 0 0 0 0 0 0 0 0 1 0 0 0 0 0 0 0 0 0 0 0 1 0 0 0 0 0 0 0 1 0 0 1 0 0 0 0 0 0 0 0 0 0 0 0 0 0 0 0 0 1 0 1 0 0 0 0 0 1 0 0 0 0 0 1 0 0 0 0 0 0 0 1 0 0 0 0 0 0 0 0 0 0 1 0 0 0 0 0 1 0 0 0 0 0 0 0 0 1 0 0 0 1 0 0 0 0 0 0 0 0 0 0 0 0 0 0 0 1 0 0 0 0 0 0 0 1 0 0 0 1 0 0 0 0 0 0 0 0 0 0 0 0 1 0 2 0 1 0 0 1 0 0 0 0 0 1 0 1 0 0 1 0 0 1 0 1 1 0 0 0 0 0 0 2 0 1 0 0 0 0 1 0 0 0 0 0 0 0 0 0 1 0 0 1 0 1 0 0 1 0 0 0 1 0 1 1 2 0 0 0 0 0 0 1 0 0 1 19 
1000.0,54,139,91.96159259259257,161.048,65.54723021582733,161.048,0.1,0 0 0 0 0 0 0 0 0 0 0 0 0 0 0 0 0 0 0 0 0 0 0 0 0 0 0 1 0 0 0 0 0 1 0 0 0 0 0 0 0 0 0 0 1 0 1 0 0 0 0 0 0 0 1 0 1 0 1 0 0 0 0 0 0 0 0 0 0 0 0 0 0 0 0 0 0 0 0 0 0 0 0 0 0 0 0 0 0 0 0 0 0 0 0 0 0 0 0 0 1 1 0 0 0 0 0 0 0 0 0 0 0 0 0 0 0 0 0 0 0 0 0 0 0 0 0 0 0 0 0 0 0 0 0 0 0 0 0 0 0 0 0 0 0 0 0 0 0 0 0 0 0 0 0 0 0 0 0 0 0 0 0 0 0 0 0 0 0 0 0 0 0 0 0 0 0 0 0 0 0 0 0 0 0 0 0 0 0 0 0 0 0 0 0 0 0 0 0 0 0 0 0 0 0 0 0 0 0 0 0 0 0 0 0 0 0 0 0 0 0 0 0 0 0 0 0 0 0 0 0 0 0 0 0 1 0 0 0 0 0 0 0 0 0 0 0 0 0 0 0 0 0 0 0 0 0 0 0 0 0 0 0 1 0 0 0 0 0 0 0 1 0 0 0 0 0 0 0 0 0 1 1 0 0 0 0 1 0 0 0 0 0 0 0 0 0 0 0 1 0 0 0 0 0 1 0 1 0 0 0 0 0 0 1 0 0 0 0 0 0 0 0 0 0 0 0 0 0 0 0 1 0 0 0 0 0 0 0 0 1 0 0 0 0 0 0 0 1 0 0 0 0 0 1 0 0 0 0 0 1 0 0 0 0 0 0 0 0 0 0 0 0 0 0 0 0 0 0 0 0 0 0 0 0 0 0 0 0 0 1 0 0 0 0 0 0 0 0 0 0 0 1 0 0 0 0 0 0 0 1 0 0 1 0 0 0 0 0 0 0 0 0 0 0 0 0 0 0 0 0 1 0 1 0 0 0 0 0 1 0 0 0 0 0 1 0 0 0 0 0 0 0 1 0 0 1 0 0 0 0 0 0 0 1 0 0 0 0 0 1 0 0 0 0 0 0 0 0 1 0 0 0 1 0 0 0 0 0 0 0 0 0 0 0 0 0 1 0 1 0 0 0 0 1 0 0 1 1 0 0 1 0 0 0 0 0 0 0 0 1 0 0 0 1 0 2 0 1 0 0 1 0 0 0 0 0 1 0 1 0 0 1 0 0 1 0 1 1 0 0 0 0 0 0 2 0 2 0 0 0 0 1 1 0 0 1 0 0 0 0 0 1 0 0 1 0 1 0 0 1 0 0 0 1 0 2 1 2 0 0 1 0 0 0 1 0 0 1 63 
1500.0,39,178,123.74097435897436,199.471,78.29754494382023,199.471,0.1,0 0 0 0 0 0 0 0 0 0 0 0 0 0 0 0 0 0 0 0 0 0 0 0 0 0 0 1 0 0 0 0 0 1 0 0 0 0 0 0 0 0 0 0 1 0 1 0 0 0 0 0 0 0 1 0 1 0 1 0 0 0 0 0 0 0 0 0 0 0 0 0 0 0 0 0 0 0 0 0 0 0 0 0 0 0 0 0 0 0 0 0 0 0 0 0 0 0 0 0 1 1 0 0 0 0 0 0 0 0 0 0 0 0 0 0 0 0 0 0 0 0 0 0 0 0 0 0 0 0 0 0 0 0 0 0 0 0 0 0 0 0 0 0 0 0 0 0 0 0 0 0 0 0 0 0 0 0 0 0 0 0 0 0 0 0 0 0 0 0 0 0 0 0 0 0 0 0 0 0 0 0 0 0 0 0 0 0 0 0 0 0 0 0 0 0 0 0 0 0 0 0 0 0 0 0 0 0 0 0 0 0 0 0 0 0 0 0 0 0 0 0 0 0 0 0 0 0 0 0 0 0 0 0 0 1 0 0 0 0 0 0 0 0 0 0 0 0 0 0 0 0 0 0 0 0 0 0 0 0 0 0 0 1 0 0 0 0 0 0 0 1 0 0 0 0 0 0 0 0 0 1 1 0 0 0 0 1 0 0 0 0 0 0 0 0 0 0 0 1 0 0 0 0 0 1 0 1 0 0 0 0 0 0 1 0 0 0 0 0 0 0 0 0 0 0 0 0 0 0 0 1 0 0 0 0 0 0 0 0 1 0 0 0 0 0 0 0 1 0 0 0 0 0 1 0 0 0 0 0 1 0 0 0 0 0 0 0 0 0 0 0 0 0 0 0 0 0 0 0 0 0 0 0 0 0 0 0 0 0 1 0 0 0 0 0 0 0 0 0 0 0 1 0 0 0 0 0 0 0 1 0 0 1 0 0 0 0 0 0 0 0 0 0 0 0 0 0 0 0 0 1 0 1 0 0 0 0 0 1 0 0 0 0 0 1 0 0 0 0 0 0 0 1 0 0 1 0 0 0 0 0 0 0 1 0 0 0 0 0 1 0 0 0 0 0 0 0 0 1 0 0 0 1 0 0 0 0 0 0 0 0 0 0 0 0 0 1 0 1 0 0 0 0 1 0 0 1 1 0 0 1 0 0 0 0 0 0 0 0 1 0 0 0 1 0 2 0 1 0 0 1 0 0 0 0 0 1 0 1 0 0 1 0 0 1 0 1 1 0 0 0 0 0 0 2 0 2 0 0 0 0 1 1 0 0 1 0 0 0 0 0 1 0 0 1 0 1 0 0 1 0 0 0 1 0 2 1 2 0 0 1 0 0 0 1 0 0 1 102 
2000.0,76,254,74.26621052631576,157.58400000000006,77.09131889763779,199.471,0.1,0 0 0 0 0 0 0 0 0 0 0 0 0 0 0 0 0 0 0 0 0 0 0 0 0 0 0 1 0 0 0 0 0 1 0 0 0 0 0 0 0 0 0 0 1 0 1 0 0 0 0 0 0 0 1 0 1 0 1 0 0 0 0 0 0 0 0 0 0 0 0 0 0 0 0 0 0 0 0 0 0 0 0 0 0 0 0 0 0 0 0 0 0 0 0 0 0 0 0 0 1 1 0 0 0 0 0 0 0 0 0 0 0 0 0 0 0 0 0 0 0 0 0 0 0 0 0 0 0 0 0 0 0 0 0 0 0 0 0 0 0 0 0 0 0 0 0 0 0 0 0 0 0 0 0 0 0 0 0 0 0 0 0 0 0 0 0 0 0 0 0 0 0 0 0 0 0 0 0 0 0 0 0 0 0 0 0 0 0 0 0 0 0 0 0 0 0 0 0 0 0 0 0 0 0 0 0 0 0 0 0 0 0 0 0 0 0 0 0 0 0 0 0 0 0 0 0 0 0 0 0 0 0 0 0 1 0 0 0 0 0 0 0 0 0 0 0 0 0 0 0 0 0 0 0 0 0 0 0 0 0 0 0 1 0 0 0 0 1 1 0 1 0 0 0 0 1 0 0 0 0 1 1 0 0 0 1 1 0 0 0 0 0 0 0 0 0 0 0 2 1 0 0 0 1 1 0 1 0 0 1 0 0 0 1 0 0 0 0 0 0 0 0 0 0 0 0 1 0 0 0 1 1 0 0 1 1 0 0 0 2 0 0 0 0 0 0 0 1 0 0 0 0 0 1 0 0 0 0 0 1 0 0 0 1 0 0 0 0 0 0 0 0 0 0 0 0 0 0 0 0 0 0 0 0 0 0 0 0 0 1 0 0 0 0 0 0 0 0 0 0 0 1 0 0 0 0 0 0 0 1 0 0 1 0 0 0 0 0 0 0 0 0 0 0 0 0 0 0 0 0 1 0 1 0 0 0 0 0 1 0 0 0 0 0 1 0 0 0 0 0 0 0 1 0 0 1 0 1 0 0 0 0 0 1 0 0 0 0 0 1 0 0 0 0 0 0 1 0 1 0 0 1 1 0 0 1 0 0 0 0 0 0 0 1 0 0 1 0 1 0 0 0 0 1 0 1 1 1 1 2 1 0 0 0 0 0 0 0 1 1 0 0 0 1 0 2 0 2 0 0 1 0 0 0 0 0 1 0 1 0 0 1 1 0 1 0 2 1 0 0 0 0 0 0 3 0 2 0 1 0 0 1 1 0 0 1 0 0 0 0 0 2 0 0 1 0 1 0 0 1 0 0 0 2 1 2 1 2 0 1 2 0 0 0 1 0 0 1 144 
2500.0,61,315,77.07591803278689,134.00999999999976,77.08833650793652,199.471,0.1,0 0 0 0 0 0 0 0 0 0 0 0 0 0 0 0 0 0 0 0 0 0 0 0 0 0 0 1 0 0 0 0 0 1 0 0 0 0 0 0 0 0 0 0 1 0 1 0 0 0 0 0 0 0 1 0 1 0 1 0 0 0 0 0 0 0 0 0 0 0 0 0 0 0 0 0 0 0 0 0 0 0 0 0 0 0 0 0 0 0 0 0 0 0 0 0 0 0 0 0 1 1 0 0 0 0 0 0 0 0 0 0 0 0 0 0 0 0 0 0 0 0 0 0 0 0 0 0 0 0 0 0 0 0 0 0 0 0 0 0 0 0 0 0 0 0 0 0 0 0 0 0 0 0 0 0 0 0 0 0 0 0 0 0 0 0 0 0 0 0 0 0 0 0 0 0 0 0 0 0 0 0 0 0 0 0 0 0 0 0 0 0 0 0 0 0 0 0 0 0 0 0 0 0 0 0 0 0 0 0 0 0 0 0 0 0 0 0 0 0 0 0 0 0 0 0 0 0 0 0 0 0 0 0 0 1 0 0 0 0 0 0 0 0 0 0 0 0 0 0 0 0 0 0 0 0 0 0 0 0 0 0 0 1 0 0 0 0 1 1 0 1 0 0 0 0 1 0 0 0 0 1 1 0 0 1 1 1 0 0 0 0 0 0 0 0 0 0 0 2 1 1 0 0 1 1 0 1 0 0 1 0 0 0 1 0 0 1 0 0 0 0 0 0 0 0 0 1 0 0 0 1 1 0 0 1 1 0 0 0 2 0 0 0 0 0 0 0 1 0 0 0 0 0 1 0 0 0 0 0 1 0 0 0 1 0 0 0 0 0 0 0 0 0 0 0 0 0 0 0 0 0 0 0 0 0 0 0 0 0 1 0 0 0 0 0 0 0 1 0 0 1 1 0 0 0 0 0 0 0 1 0 0 1 0 0 0 0 0 0 0 0 0 0 0 0 1 0 0 0 0 1 0 1 0 0 0 0 0 1 1 0 0 0 0 1 1 0 0 0 0 0 0 1 1 0 1 0 1 0 0 1 0 0 1 1 0 1 0 0 1 0 0 0 1 0 0 1 0 1 2 0 1 1 0 1 1 0 0 0 0 0 0 0 1 0 0 1 0 1 0 0 0 0 1 0 2 1 1 1 2 1 0 0 0 0 0 0 0 1 1 0 0 0 2 0 2 0 2 0 0 1 0 0 0 0 0 1 0 1 0 0 1 1 0 1 0 2 1 0 0 0 0 0 0 3 0 2 0 1 0 0 1 1 1 0 1 0 0 0 0 0 2 1 0 1 0 1 0 0 1 2 0 0 2 1 2 1 2 0 2 2 0 0 0 1 0 0 1 182 
3000.0,72,387,75.94555555555556,130.28900000000021,76.87572609819122,199.471,0.1,0 0 0 0 0 0 0 0 0 0 0 0 0 0 0 0 0 0 0 0 0 0 0 0 0 0 0 1 0 0 0 0 0 1 0 0 0 0 0 0 0 0 0 0 1 0 1 0 0 0 0 0 0 0 1 0 1 0 1 0 0 0 0 0 0 0 0 0 0 0 0 0 0 0 0 0 0 0 0 0 0 0 0 0 0 0 0 0 0 0 0 0 0 0 0 0 0 0 0 0 1 1 0 0 0 0 0 0 0 0 0 0 0 0 0 0 0 0 0 0 0 0 0 0 0 0 0 0 0 0 0 0 0 0 0 0 0 0 0 0 0 0 0 0 0 0 0 0 0 0 0 0 0 0 0 0 0 0 0 0 0 0 0 0 0 0 0 0 0 0 0 0 0 0 0 0 0 0 0 0 0 0 0 0 0 0 0 0 0 0 0 0 0 0 0 0 0 0 0 0 0 0 0 0 0 0 0 0 0 0 0 0 0 0 0 0 0 0 0 0 0 0 0 0 0 0 0 0 0 0 0 0 0 0 0 1 0 0 0 0 0 0 0 0 0 0 0 0 0 0 0 0 0 0 0 0 0 0 0 0 0 0 0 1 0 0 0 0 1 1 0 1 0 0 0 0 1 0 0 0 0 1 1 0 0 1 1 1 0 0 0 0 0 0 0 0 0 0 0 2 1 1 0 0 1 1 0 1 0 0 1 0 0 0 1 0 0 1 0 0 0 0 0 0 0 0 0 1 0 0 0 1 1 0 0 1 1 0 0 0 2 0 0 0 0 0 0 0 1 0 0 0 0 0 1 0 0 0 0 0 1 0 0 0 1 0 0 0 0 0 0 0 0 0 0 0 0 0 0 0 0 0 0 0 0 0 0 0 0 0 1 0 0 0 0 0 0 0 1 0 0 1 1 0 0 0 0 0 0 0 1 0 0 1 0 0 0 0 0 0 0 0 0 0 0 0 1 0 0 0 0 1 0 1 0 0 0 0 0 1 1 0 0 0 0 1 1 0 0 0 0 0 0 1 1 0 1 0 1 0 0 1 0 0 1 1 0 1 0 1 1 0 0 0 2 0 0 1 0 1 2 0 1 1 0 1 1 0 0 0 0 0 0 0 1 0 0 1 0 1 0 0 1 0 1 1 3 1 1 1 2 1 0 0 0 0 0 0 0 1 1 0 0 0 2 0 2 0 2 0 0 1 0 0 0 0 0 1 0 1 0 1 1 1 0 1 1 2 2 0 0 0 0 0 0 3 1 2 0 1 0 0 1 1 2 0 2 0 1 0 0 0 2 2 0 1 0 1 1 0 1 2 0 0 2 2 3 1 2 0 2 2 0 0 0 1 0 0 1 238 
3500.0,28,415,120.26046428571428,190.6529999999998,79.8028891566265,199.471,0.1,0 0 0 0 0 0 0 0 0 0 0 0 0 0 0 0 0 0 0 0 0 0 0 0 0 0 0 1 0 0 0 0 0 1 0 0 0 0 0 0 0 0 0 0 1 0 1 0 0 0 0 0 0 0 1 0 1 0 1 0 0 0 0 0 0 0 0 0 0 0 0 0 0 0 0 0 0 0 0 0 0 0 0 0 0 0 0 0 0 0 0 0 0 0 0 0 0 0 0 0 1 1 0 0 0 0 0 0 0 0 0 0 0 0 0 0 0 0 0 0 0 0 0 0 0 0 0 0 0 0 0 0 0 0 0 0 0 0 0 0 0 0 0 0 0 0 0 0 0 0 0 0 0 0 0 0 0 0 0 0 0 0 0 0 0 0 0 0 0 0 0 0 0 0 0 0 0 0 0 0 0 0 0 0 0 0 0 0 0 0 0 0 0 0 0 0 0 0 0 0 0 0 0 0 0 0 0 0 0 0 0 0 0 0 0 0 0 0 0 0 0 0 0 0 0 0 0 0 0 0 0 0 0 0 0 1 0 0 0 0 0 0 0 0 0 0 0 0 0 0 0 0 0 0 0 0 0 0 0 0 0 0 0 1 0 0 0 0 1 1 0 1 0 0 0 0 1 0 0 0 0 1 1 0 0 1 1 1 0 0 0 0 0 0 0 0 0 0 0 2 1 1 0 0 1 1 0 1 0 0 1 0 0 0 1 0 0 1 0 0 0 0 0 0 0 0 0 1 0 0 0 1 1 0 0 1 1 0 0 0 2 0 0 0 0 0 0 0 1 0 0 0 0 0 1 0 0 0 0 0 1 0 0 0 1 0 0 0 0 0 0 0 0 0 0 0 0 0 0 0 0 0 0 0 0 0 0 1 0 0 1 0 0 0 0 0 0 0 1 0 0 1 1 0 0 0 0 0 0 0 1 0 0 1 0 0 0 0 0 0 0 0 0 0 0 0 1 0 0 0 0 1 0 1 0 0 0 0 0 1 1 0 0 0 0 1 1 0 0 0 0 0 0 1 1 0 1 0 1 0 0 1 0 0 1 1 0 1 0 1 1 0 0 0 2 0 0 1 0 1 2 0 1 1 0 1 1 0 0 0 0 0 0 0 1 0 0 1 0 1 0 0 1 0 1 1 3 1 1 1 2 1 1 0 0 1 0 0 0 2 1 0 0 0 2 0 2 0 2 0 0 1 0 0 0 0 0 1 0 1 0 1 1 1 0 1 1 2 2 0 0 0 0 0 0 3 1 3 0 1 0 0 1 1 2 0 2 0 1 0 0 0 2 2 0 1 1 1 1 0 1 2 0 0 2 2 3 1 2 0 2 2 0 0 0 1 0 0 1 260 
4000.0,57,472,111.41584210526318,294.9090000000001,83.62055508474576,294.9090000000001,0.1,0 0 0 0 0 0 0 0 0 0 0 0 0 0 0 0 0 0 0 0 0 0 0 0 0 0 0 1 0 0 0 0 0 1 0 0 0 0 0 0 0 0 0 0 1 0 1 0 0 0 0 0 0 0 1 0 1 0 1 0 0 0 0 0 0 0 0 0 0 0 0 0 0 0 0 0 0 0 0 0 0 0 0 0 0 0 0 0 0 0 0 0 0 0 0 0 0 0 0 0 1 1 0 0 0 0 0 0 0 0 0 0 0 0 0 0 0 0 0 0 0 0 0 0 0 0 0 0 0 0 0 0 0 0 0 0 0 0 0 0 0 0 0 0 0 0 0 0 0 0 0 0 0 0 0 0 0 0 0 0 0 0 0 0 0 0 0 0 0 0 0 0 0 0 0 0 0 0 0 0 0 0 0 0 0 0 0 0 0 0 0 0 0 0 0 0 0 0 0 0 0 0 0 0 0 0 0 0 0 0 0 0 0 0 0 0 0 0 0 0 0 0 0 0 0 0 0 0 0 0 0 0 0 0 0 1 0 0 0 0 0 0 0 0 0 0 0 0 0 0 0 0 0 0 0 0 0 0 0 0 0 0 0 1 0 0 0 0 1 1 0 1 0 0 0 0 1 0 0 0 0 1 1 0 0 1 1 1 0 0 0 0 0 0 0 0 0 0 0 2 1 1 0 0 1 1 0 1 0 0 1 0 0 0 1 0 0 1 0 0 0 0 0 0 0 0 1 1 0 0 0 1 1 1 1 1 1 0 0 0 2 0 0 0 0 0 0 0 1 0 0 0 0 0 1 0 0 0 0 0 1 0 0 0 1 0 0 0 0 0 0 1 0 0 0 0 1 1 0 0 0 0 0 0 0 0 0 1 0 0 1 0 0 0 1 0 0 0 1 0 0 1 1 0 0 0 0 0 0 1 1 0 0 1 0 0 0 0 0 0 0 1 0 0 0 0 1 0 0 0 1 1 0 1 0 0 0 1 1 1 1 0 0 0 0 1 1 0 0 0 0 0 0 1 1 0 2 0 1 0 0 1 0 1 1 1 0 1 0 1 1 0 0 0 2 0 0 1 0 1 3 0 1 1 0 1 1 0 0 0 0 1 0 0 1 0 0 1 0 1 0 0 1 0 1 1 3 1 1 1 2 2 1 0 0 1 0 0 0 2 1 0 0 0 2 0 2 0 2 0 1 2 0 0 0 0 0 1 0 1 0 1 1 1 0 1 1 2 2 0 0 0 0 0 0 3 1 3 0 1 0 0 1 1 2 0 2 0 1 0 0 0 2 2 0 1 1 1 2 1 1 3 0 0 2 2 3 1 2 0 2 2 0 0 0 1 0 0 1 295 
4500.0,66,538,85.6677727272727,178.81899999999996,83.87170074349442,294.9090000000001,0.1,0 0 0 0 0 0 0 0 0 0 0 0 0 0 0 0 0 0 0 0 0 0 0 0 0 0 0 1 0 0 0 0 0 1 0 0 0 0 0 0 0 0 0 0 1 0 1 0 0 0 0 0 0 0 1 0 1 0 1 0 0 0 0 0 0 0 0 0 0 0 0 0 0 0 0 0 0 0 0 0 0 0 0 0 0 0 0 0 0 0 0 0 0 0 0 0 0 0 0 0 1 1 0 0 0 0 0 0 0 0 0 0 0 0 0 0 0 0 0 0 0 0 0 0 0 0 0 0 0 0 0 0 0 0 0 0 0 0 0 0 0 0 0 0 0 0 0 0 0 0 0 0 0 0 0 0 0 0 0 0 0 0 0 0 0 0 0 0 0 0 0 0 0 0 0 0 0 0 0 0 0 0 0 0 0 0 0 0 0 0 0 0 0 0 0 0 0 0 0 0 0 0 0 0 0 0 0 0 0 0 0 0 0 0 0 0 0 0 0 0 0 0 0 0 0 0 0 0 0 0 0 0 0 0 0 1 0 0 0 0 0 0 0 0 0 0 0 0 0 0 0 0 0 0 0 0 0 0 0 0 0 0 0 1 0 0 0 0 1 1 0 1 0 0 0 0 1 0 0 0 0 1 1 0 0 1 1 1 0 0 0 0 0 0 0 0 0 0 0 2 1 1 0 0 1 1 0 1 0 0 1 0 0 0 1 0 0 1 0 0 0 0 0 0 0 0 1 1 0 0 0 1 1 1 1 1 1 0 0 0 2 0 0 0 0 0 0 0 2 0 0 0 0 0 1 0 0 0 1 0 1 0 0 0 1 0 0 0 0 0 0 1 0 0 0 0 1 1 0 0 0 0 0 0 0 0 0 1 0 0 1 0 0 0 1 0 0 0 1 0 0 1 1 1 1 0 1 0 0 1 1 0 0 1 0 0 0 0 1 0 0 1 0 0 0 0 1 1 0 0 1 1 0 1 0 0 0 1 1 1 1 0 0 0 1 1 1 0 0 0 0 0 0 1 1 0 2 0 1 0 0 1 0 1 1 1 0 2 0 2 1 0 1 0 2 0 0 1 0 1 3 1 2 1 0 1 1 0 0 0 0 1 0 0 1 0 0 1 0 2 0 0 1 0 1 1 3 1 1 2 2 2 1 0 0 1 0 0 0 2 1 0 0 0 2 0 2 0 2 0 1 2 0 0 0 0 0 1 0 1 0 1 1 1 1 1 1 2 2 0 0 0 0 0 0 3 1 3 0 1 0 0 1 1 2 0 2 0 1 0 0 0 2 2 0 1 1 1 3 1 1 3 0 0 2 2 3 1 2 0 2 2 0 0 0 1 0 1 1 343 
5000.0,50,588,94.24797999999997,162.058,84.75403741496598,294.9090000000001,0.1,0 0 0 0 0 0 0 0 0 0 0 0 0 0 0 0 0 0 0 0 0 0 0 0 0 0 0 1 0 0 0 0 0 1 0 0 0 0 0 0 0 0 0 0 1 0 1 0 0 0 0 0 0 0 1 0 1 0 1 0 0 0 0 0 0 0 0 0 0 0 0 0 0 0 0 0 0 0 0 0 0 0 0 0 0 0 0 0 0 0 0 0 0 0 0 0 0 0 0 0 1 1 0 0 0 0 0 0 0 0 0 0 0 0 0 0 0 0 0 0 0 0 0 0 0 0 0 0 0 0 0 0 0 0 0 0 0 0 0 0 0 0 0 0 0 0 0 0 0 0 0 0 0 0 0 0 0 0 0 0 0 0 0 0 0 0 0 0 0 0 0 0 0 0 0 0 0 0 0 0 0 2 0 0 0 0 0 0 0 0 0 0 0 0 0 0 0 1 0 0 0 0 0 0 0 0 0 0 0 0 0 0 0 0 0 0 0 0 0 0 0 0 0 0 0 0 0 0 0 0 0 0 0 0 0 1 0 0 0 0 0 0 0 0 0 0 0 0 0 0 0 0 0 0 0 0 0 0 0 0 0 0 0 1 0 0 0 0 1 1 0 1 0 0 0 0 1 0 0 0 0 1 1 0 0 1 1 1 0 0 0 0 0 0 0 0 0 0 0 3 1 1 0 0 1 1 0 1 0 0 1 0 0 0 1 1 0 1 0 0 0 0 0 0 0 0 1 1 0 0 0 1 1 1 1 1 1 0 0 0 2 0 0 0 0 0 0 1 2 0 0 0 0 0 1 0 0 0 1 0 1 0 0 0 1 0 0 0 0 0 0 1 0 0 0 0 1 1 0 0 0 0 0 0 0 0 0 1 0 0 1 0 0 0 1 0 0 0 1 0 0 1 1 1 1 0 1 0 0 1 1 0 0 1 0 0 0 0 1 0 0 1 0 0 0 0 2 1 0 0 1 1 0 1 0 0 0 1 1 1 1 1 0 0 1 1 1 0 0 0 0 0 0 1 1 0 2 0 1 0 0 1 0 1 1 1 0 2 0 2 1 0 1 1 2 0 0 1 0 1 3 1 2 1 0 1 1 0 0 0 0 1 0 0 1 0 0 1 0 2 0 0 1 0 1 1 3 1 1 2 2 2 1 0 0 1 0 0 0 2 1 0 0 0 2 0 2 0 2 0 1 2 0 0 0 0 0 1 0 1 0 1 1 1 1 1 1 2 2 0 0 0 0 0 0 3 1 3 0 1 0 0 1 1 2 0 2 0 1 0 0 0 2 2 0 1 1 1 3 1 1 3 0 0 2 2 3 1 2 0 2 2 0 0 0 1 0 1 1 384 
5500.0,70,658,77.06551428571424,167.99099999999999,83.9361094224924,294.9090000000001,0.1,0 0 0 0 0 0 0 0 0 0 0 0 0 0 0 0 0 0 0 0 0 0 0 0 0 0 0 1 0 0 0 0 0 1 0 0 0 0 0 0 0 0 0 0 1 0 1 0 0 0 0 0 0 0 1 0 1 0 1 0 0 0 0 0 0 0 0 0 0 0 0 0 0 0 0 0 0 0 0 0 0 0 0 0 0 0 0 0 0 0 0 0 0 0 0 0 0 0 0 0 1 1 0 0 0 0 0 0 0 0 0 0 0 0 0 0 0 0 0 0 0 0 0 0 0 0 0 0 0 0 0 0 0 0 0 0 0 0 0 0 0 0 0 0 0 0 0 0 0 0 0 0 0 0 0 0 0 0 0 0 0 0 0 0 0 0 0 0 0 0 0 0 0 0 0 0 0 0 0 0 0 2 0 0 0 0 0 0 0 0 0 0 0 0 0 0 0 1 0 0 0 0 0 0 0 0 0 0 0 0 0 0 0 0 0 0 0 0 0 0 0 0 0 0 0 0 0 0 0 0 0 0 0 0 0 1 0 0 0 0 0 0 0 0 0 0 0 1 0 0 0 0 0 0 0 0 0 0 0 0 1 0 0 1 0 0 0 0 1 1 0 2 0 0 1 0 1 0 0 0 0 2 1 0 0 1 1 1 0 0 0 1 0 0 0 0 0 0 0 3 1 1 0 0 1 1 0 1 1 0 1 0 0 0 1 1 0 1 0 0 0 0 0 0 0 0 1 1 0 0 0 1 1 1 1 1 1 0 0 0 2 0 0 0 0 0 0 1 2 0 0 0 1 0 1 0 0 0 2 0 1 0 0 0 2 0 0 0 1 0 0 1 0 1 0 0 1 1 0 0 0 0 0 0 0 0 1 1 0 1 1 0 0 0 1 0 0 0 2 0 0 1 1 1 1 0 1 0 0 1 1 0 0 1 0 0 0 1 1 0 0 1 0 0 0 0 2 1 0 0 1 1 0 1 1 0 0 1 1 1 1 1 0 0 1 1 1 0 0 0 0 0 0 1 1 0 2 0 1 0 0 1 0 1 1 1 0 2 0 2 1 0 1 1 2 0 0 1 0 1 3 1 2 1 1 1 1 0 0 0 0 1 0 0 1 0 0 2 0 2 0 0 1 0 1 1 3 1 1 2 2 2 1 0 0 1 0 0 0 2 1 0 0 0 2 0 2 0 2 0 1 2 0 1 0 0 1 1 0 1 0 1 1 2 1 1 1 2 2 0 0 0 1 0 0 3 1 3 0 1 1 1 1 1 2 0 2 0 1 0 0 1 2 2 0 1 1 1 3 1 1 3 0 0 2 2 3 1 2 0 2 2 0 0 0 2 1 1 1 426 
6000.0,31,689,136.04906451612894,254.89400000000023,86.28081422351231,294.9090000000001,0.1,0 0 0 0 0 0 0 0 0 0 0 0 0 0 0 0 0 0 0 0 0 0 0 0 0 0 0 1 0 0 0 0 0 1 0 0 0 0 0 0 0 0 0 0 1 0 1 0 0 0 0 0 0 0 1 0 1 0 1 0 0 0 0 0 0 0 0 0 0 0 0 0 0 0 0 0 0 0 0 0 0 0 0 0 0 0 0 0 0 0 0 0 0 0 0 0 0 0 0 0 1 1 0 0 0 0 0 0 0 0 0 0 0 0 0 0 0 0 0 0 0 0 0 0 0 0 0 0 0 0 0 0 0 0 0 0 0 0 0 0 0 0 0 0 0 0 0 0 0 0 0 0 0 0 0 0 0 0 0 0 0 0 0 0 0 0 0 0 0 0 0 0 0 0 0 0 0 0 0 0 0 2 0 0 0 0 0 0 0 0 0 0 0 0 0 0 0 1 0 0 0 0 0 0 0 0 0 0 0 0 0 0 0 0 0 0 0 0 0 0 0 0 0 0 0 0 0 0 0 0 0 0 0 0 0 1 0 0 0 0 0 0 0 0 0 0 0 1 0 0 0 0 0 0 0 0 0 0 0 0 1 0 0 1 0 0 0 0 1 1 0 2 0 0 1 0 1 0 0 0 0 2 1 0 0 1 1 1 0 0 0 1 0 0 0 0 0 0 0 3 1 1 0 0 1 1 0 1 1 0 1 0 0 0 1 1 0 1 0 0 0 0 0 0 0 0 1 1 0 0 0 1 1 1 1 1 1 0 0 0 2 0 0 0 0 0 0 1 2 0 0 0 1 0 1 0 0 0 2 0 1 0 0 0 2 0 0 0 1 0 0 1 0 1 0 0 1 1 0 0 0 0 0 0 0 0 1 1 0 1 1 0 0 0 1 0 0 0 2 0 0 1 1 1 1 0 1 0 0 1 1 0 0 1 0 0 0 1 1 0 0 1 0 0 0 0 2 1 0 0 1 1 0 1 1 0 0 1 1 1 1 1 0 0 1 1 1 0 0 0 0 0 0 1 1 0 2 0 1 0 0 1 0 1 1 1 0 2 0 2 1 0 1 1 2 0 0 1 0 1 3 1 2 1 1 1 1 0 0 0 0 1 0 0 1 0 0 2 0 2 0 0 1 0 1 1 3 1 1 2 2 2 1 0 0 1 0 0 0 2 1 0 0 0 2 0 2 0 2 0 1 2 0 1 1 0 1 1 1 1 0 1 1 2 1 1 1 2 2 0 1 0 1 0 0 3 1 3 0 1 1 1 1 1 2 0 2 0 1 0 0 1 2 2 0 1 1 1 3 1 1 3 0 0 2 2 3 1 2 0 2 2 0 0 0 2 1 1 1 454 
6500.0,47,736,130.66842553191475,298.817,89.11534918478259,298.817,0.1,0 0 0 0 0 0 0 0 0 0 0 0 0 0 0 0 0 0 0 0 0 0 0 0 0 0 0 1 0 0 0 0 0 1 0 0 0 0 0 0 0 0 0 0 1 0 1 0 0 0 0 0 0 0 1 0 1 0 1 0 0 0 0 0 0 0 0 0 0 0 0 0 0 0 0 0 0 0 0 0 0 0 0 0 0 0 0 0 0 0 0 0 0 0 0 0 0 0 0 0 1 1 0 0 0 0 0 0 0 0 0 0 0 0 0 0 0 0 0 0 0 0 0 0 0 0 0 0 0 0 0 0 0 0 0 0 0 0 0 0 0 0 0 0 0 0 0 0 0 0 0 0 0 0 0 0 0 0 0 0 0 0 0 0 0 0 0 0 0 0 0 0 0 0 0 0 0 0 0 0 0 2 0 0 0 0 0 0 0 0 0 0 0 0 0 0 0 1 0 0 0 0 0 0 0 0 0 0 0 0 0 0 0 0 0 0 0 0 0 0 0 0 0 0 0 0 0 0 0 0 0 0 0 0 0 1 0 0 0 0 0 0 0 0 0 0 0 1 0 0 0 0 0 0 0 0 0 0 0 0 1 0 0 1 0 0 0 0 1 1 0 2 0 0 1 0 1 0 0 0 0 2 1 0 0 1 1 1 0 0 0 1 0 0 0 0 0 0 0 3 1 1 0 0 1 1 0 1 1 0 1 0 0 0 1 1 0 1 0 0 0 0 0 0 0 0 1 1 0 0 0 1 1 1 1 1 1 0 0 0 2 0 0 0 0 0 0 1 2 0 0 0 1 0 1 0 0 0 2 0 1 0 0 0 2 0 0 0 1 0 0 1 0 1 0 0 1 1 0 0 0 0 0 0 0 0 1 1 0 1 1 0 0 0 1 0 0 0 2 0 0 1 1 1 1 0 1 0 0 1 1 0 0 1 1 0 0 1 1 0 0 1 0 0 0 0 2 1 0 0 1 1 0 1 1 0 0 1 1 1 1 1 0 0 1 1 1 0 0 0 0 0 0 1 1 0 2 0 1 0 0 1 0 1 1 1 0 2 0 2 1 0 1 1 2 0 0 1 0 1 3 1 2 1 1 1 2 0 0 0 0 1 0 0 1 0 0 2 0 2 0 0 1 0 1 1 3 1 1 2 2 2 1 0 0 1 0 0 0 2 1 0 0 0 2 0 2 0 2 0 1 2 0 1 1 0 1 1 1 1 0 1 1 2 1 1 1 2 2 0 1 0 1 0 0 3 1 3 0 1 1 1 1 1 2 0 2 0 1 0 0 1 2 2 0 1 1 1 3 1 2 3 0 0 2 2 3 1 2 0 2 2 0 0 0 2 1 1 1 498 
7000.0,46,782,99.67349999999999,144.29500000000007,89.73641687979537,298.817,0.1,0 0 0 0 0 0 0 0 0 0 0 0 0 0 0 0 0 0 0 0 0 0 0 0 0 0 0 1 0 0 0 0 0 1 0 0 0 0 0 0 0 0 0 0 1 0 1 0 0 0 0 0 0 0 1 0 1 0 1 0 0 0 0 0 0 0 0 0 0 0 0 0 0 0 0 0 0 0 0 0 0 0 0 0 0 0 0 0 0 0 0 0 0 0 0 0 0 0 0 0 1 1 0 0 0 0 0 0 0 0 0 0 0 0 0 0 0 0 0 0 0 0 0 0 0 0 0 0 0 0 0 0 0 0 0 0 0 0 0 0 0 0 0 0 0 0 0 0 0 0 0 0 0 0 0 0 0 0 0 0 0 0 0 0 0 0 0 0 0 0 0 0 0 0 0 0 0 0 0 0 0 2 0 0 0 0 0 0 0 0 0 0 0 0 0 0 0 1 0 0 0 0 0 0 0 0 0 0 0 0 0 0 0 0 0 0 0 0 0 0 0 0 0 0 0 0 0 0 0 0 0 0 0 0 0 1 0 0 0 0 0 0 0 0 0 0 0 1 0 0 0 0 0 0 0 0 0 0 0 0 1 0 0 1 0 0 0 0 1 1 0 2 0 0 1 0 1 0 0 0 0 2 1 0 0 1 1 1 0 0 0 1 0 0 0 0 0 0 0 3 1 1 0 0 1 1 0 1 1 0 1 0 0 0 1 1 0 1 0 0 0 0 0 0 0 0 1 1 0 0 0 1 1 1 1 1 1 0 0 0 2 0 0 0 0 0 0 1 2 0 0 0 1 0 1 0 0 0 2 0 1 0 0 0 2 0 0 0 1 0 0 1 0 1 0 0 1 1 0 0 0 0 0 0 0 0 1 1 0 1 1 0 0 0 1 0 0 0 2 0 0 1 1 1 1 0 1 0 0 1 1 0 0 1 1 0 0 1 1 0 0 1 0 0 0 0 2 1 0 0 1 1 0 1 1 0 0 1 1 1 1 1 0 0 1 1 1 0 0 0 0 0 0 1 1 0 2 0 1 0 0 1 0 1 1 1 0 2 0 2 1 0 1 1 2 0 0 1 0 1 3 1 2 1 1 1 2 0 0 0 0 1 0 0 1 0 0 2 0 2 0 0 1 0 1 1 3 1 1 2 2 2 1 0 0 1 0 0 0 2 1 0 0 0 2 0 2 0 2 0 1 2 0 1 1 0 1 1 1 1 0 1 1 2 1 1 1 2 2 0 1 0 1 0 0 3 1 3 0 1 1 1 1 1 2 0 2 0 1 0 0 1 2 2 0 1 1 1 3 1 2 3 0 0 2 2 3 1 2 0 2 2 0 0 0 2 1 1 1 544 
7500.0,57,839,95.551701754386,172.53400000000056,90.13149582836708,298.817,0.1,0 0 0 0 0 0 0 0 0 0 0 0 0 0 0 0 0 0 0 0 0 0 0 0 0 0 0 1 0 0 0 0 0 1 0 0 0 0 0 0 0 0 0 0 1 0 1 0 0 0 0 0 0 0 1 0 1 0 1 0 0 0 0 0 0 0 0 0 0 0 0 0 0 0 0 0 0 0 0 0 0 0 0 0 0 0 0 0 0 0 0 0 0 0 0 0 0 0 0 0 1 1 0 0 0 0 0 0 0 0 0 0 0 0 0 0 0 0 0 0 0 0 0 0 0 0 0 0 0 0 0 0 0 0 0 0 0 0 0 0 0 0 0 0 0 0 0 0 0 0 0 0 0 0 0 0 0 0 0 0 0 0 0 0 0 0 0 0 0 0 0 0 0 0 0 0 0 0 0 0 0 2 0 0 0 0 0 0 0 0 0 0 0 0 0 0 0 1 0 0 0 0 0 0 0 0 0 0 0 0 0 0 0 0 0 0 0 0 0 0 0 0 0 0 0 0 0 0 0 0 0 0 0 0 0 1 0 0 0 0 0 0 0 0 0 0 0 1 0 0 0 0 0 0 0 0 0 0 0 0 1 0 0 1 0 0 0 0 1 1 0 2 0 0 1 0 1 0 0 0 0 2 1 0 0 1 1 1 0 0 0 1 0 0 0 0 0 0 0 3 1 1 0 0 1 1 0 1 1 0 1 0 0 0 1 1 0 1 0 0 0 0 0 0 0 0 1 1 0 0 0 1 1 1 1 1 1 0 0 0 2 0 0 0 0 0 0 1 2 0 0 0 1 0 1 0 0 0 2 0 1 0 0 0 2 0 0 0 1 0 0 1 0 1 0 0 1 1 0 0 0 0 0 0 0 0 1 1 0 1 1 0 0 0 1 0 0 0 2 0 0 1 1 1 1 0 1 0 0 1 1 0 0 1 1 0 0 1 1 0 0 1 0 0 0 0 2 1 0 0 1 1 0 1 1 0 0 1 1 1 1 1 0 0 1 1 1 0 0 0 0 0 0 1 1 0 2 0 1 0 0 1 0 1 1 1 0 2 0 2 1 0 1 1 2 0 0 1 0 1 3 1 2 1 1 1 2 0 0 0 0 1 0 0 1 0 0 2 0 2 0 2 1 0 1 1 3 1 1 2 2 2 1 0 0 1 0 0 0 2 1 0 0 0 2 0 2 0 2 0 1 2 0 1 1 0 1 1 1 1 0 1 1 2 1 1 1 2 2 0 1 0 1 0 0 3 1 3 0 1 1 1 1 1 2 0 2 0 1 0 0 1 2 2 0 1 1 1 3 1 3 3 0 0 2 2 3 1 2 0 2 2 0 0 0 2 1 1 1 598 
8000.0,52,891,101.9040576923077,145.6359999999995,90.8185589225589,298.817,0.1,0 0 0 0 0 0 0 0 0 0 0 0 0 0 0 0 0 0 0 0 0 0 0 0 0 0 0 1 0 0 0 0 0 1 0 0 0 0 0 0 0 0 0 0 1 0 1 0 0 0 0 0 0 0 1 0 1 0 1 0 0 0 0 0 0 0 0 0 0 0 0 0 0 0 0 0 0 0 0 0 0 0 0 0 0 0 0 0 0 0 0 0 0 0 0 0 0 0 0 0 1 1 0 0 0 0 0 0 0 0 0 0 0 0 0 0 0 0 0 0 0 0 0 0 0 0 0 0 0 0 0 0 0 0 0 0 0 0 0 0 0 0 0 0 0 0 0 0 0 0 0 0 0 0 0 0 0 0 0 0 0 0 0 0 0 0 0 0 0 0 0 0 0 0 0 0 0 0 0 0 0 2 0 0 0 0 0 0 0 0 0 0 0 0 0 0 0 1 0 0 0 0 0 0 0 0 0 0 0 0 0 0 0 0 0 0 0 0 0 0 0 0 0 0 0 0 0 0 0 0 0 0 0 0 0 1 0 0 0 0 0 0 0 0 0 0 0 1 0 0 0 0 0 0 0 0 0 0 0 0 1 0 0 1 0 0 0 0 1 1 0 2 0 0 1 0 1 0 0 0 0 2 1 0 0 1 1 1 0 0 0 1 0 0 0 0 0 0 0 3 1 1 0 0 1 1 0 1 1 0 1 0 0 0 1 1 0 1 0 0 0 0 0 0 0 0 1 1 0 0 0 1 1 1 1 1 1 0 0 0 2 0 0 0 0 0 0 1 2 0 0 0 1 0 1 0 0 0 2 0 1 0 0 0 2 0 0 0 1 0 0 1 0 1 0 0 1 1 0 0 0 0 0 0 0 0 1 1 0 1 1 0 0 0 1 0 0 0 2 0 0 1 1 1 1 0 1 0 0 1 1 0 0 1 1 0 0 1 1 0 0 1 0 0 0 0 2 1 0 0 1 1 0 1 1 0 0 1 1 1 1 1 0 0 1 1 1 0 0 0 0 0 0 1 1 0 2 0 1 0 0 1 0 1 1 1 0 2 0 2 1 0 1 1 2 0 0 1 0 1 3 1 2 1 1 1 2 0 0 0 0 1 0 0 1 0 0 2 1 2 0 2 1 0 1 1 3 1 1 2 2 2 1 0 0 1 0 0 0 2 1 0 0 0 2 0 2 0 2 0 1 2 0 1 1 0 1 1 1 1 0 1 1 2 1 1 1 2 2 0 1 0 1 0 0 3 1 3 0 1 1 1 1 1 2 0 2 0 1 0 0 1 2 2 0 1 1 1 3 1 3 3 0 0 2 2 3 1 2 0 3 2 0 1 0 2 1 1 1 647 
8500.0,69,960,70.98684057971006,125.81499999999869,89.39315416666663,298.817,0.1,0 0 0 0 0 0 0 0 0 0 0 0 0 0 0 0 0 0 0 0 0 0 0 0 0 0 0 1 0 0 0 0 0 1 0 0 0 0 0 0 0 0 0 0 1 0 1 0 0 0 0 0 0 0 1 0 1 0 1 0 0 0 0 0 0 0 0 0 0 0 0 0 0 0 0 0 0 0 0 0 0 0 0 0 0 0 0 0 0 0 0 0 0 0 0 0 0 0 0 0 1 1 0 0 0 0 0 0 0 0 0 0 0 0 0 0 0 0 0 0 0 0 0 0 0 0 0 0 0 0 0 0 0 0 0 0 0 0 0 0 0 0 0 0 0 0 0 0 0 0 0 0 0 0 0 0 0 0 0 0 0 0 0 0 0 0 0 0 0 0 0 0 0 0 0 0 0 0 0 0 0 2 0 0 0 0 0 0 0 0 0 0 0 0 0 0 0 1 0 0 0 0 0 0 0 0 0 0 0 0 0 0 0 0 0 0 0 0 0 0 0 0 0 0 0 0 0 0 0 0 0 0 0 0 0 1 0 0 0 0 0 0 0 0 0 0 0 1 1 0 0 0 0 0 0 0 0 0 0 0 1 0 0 1 0 0 0 0 1 1 0 2 0 0 1 0 1 0 0 0 0 2 1 0 0 1 1 1 0 0 0 1 0 0 0 0 0 0 0 4 1 1 0 0 1 1 0 1 1 1 2 0 0 0 1 1 0 1 0 0 0 0 0 0 0 0 1 1 0 0 0 1 1 1 1 1 1 0 0 0 2 0 1 0 0 0 0 1 3 0 0 0 1 0 1 0 0 1 2 0 1 0 0 0 3 0 0 0 1 0 0 1 0 1 0 0 1 1 0 0 0 0 0 0 0 0 1 1 0 1 1 0 0 0 1 0 1 0 2 0 0 1 1 1 1 0 1 0 0 1 2 0 0 1 1 0 0 1 1 0 0 1 0 0 0 0 2 1 0 0 1 1 1 1 2 1 0 1 1 1 1 1 1 0 1 1 1 0 0 1 0 0 0 1 2 0 2 0 1 1 0 1 0 1 1 1 0 2 0 2 1 0 1 1 2 0 0 1 0 1 3 1 2 1 1 1 2 0 0 0 0 1 0 0 1 0 0 2 1 2 0 2 1 0 1 1 3 1 1 2 2 2 1 0 0 1 0 0 0 2 1 1 0 0 2 0 2 0 2 0 1 2 0 1 1 0 1 1 1 1 0 1 1 2 1 1 2 2 2 0 1 0 1 0 0 3 1 3 0 1 1 1 1 1 2 0 2 0 1 0 0 1 2 2 0 1 1 1 3 1 3 3 1 0 2 3 3 1 2 0 3 2 0 1 0 2 2 1 1 694 
9000.0,69,1029,69.99672463768123,127.91699999999946,88.0925189504373,298.817,0.1,0 0 0 0 0 0 0 0 0 0 0 0 0 0 0 0 0 0 0 0 0 0 0 0 0 0 0 1 0 0 0 0 0 1 0 0 0 0 0 0 0 0 0 0 1 0 1 0 0 0 0 0 0 0 1 0 1 0 1 0 0 0 0 0 0 0 0 0 0 0 0 0 0 0 0 0 0 0 0 0 0 0 0 0 0 0 0 0 0 0 0 0 0 0 0 0 0 0 0 0 1 1 0 0 0 0 0 0 0 0 0 0 0 0 0 0 0 0 0 0 0 0 0 0 0 0 0 0 0 0 0 0 0 0 0 0 0 0 0 0 0 0 0 0 0 0 0 0 0 0 0 0 0 0 0 0 0 0 0 0 0 0 0 0 0 0 0 0 0 0 0 0 0 0 0 0 0 0 0 0 0 2 0 0 0 0 0 0 0 0 0 0 0 0 0 0 0 1 0 0 0 0 0 0 0 0 0 0 0 0 0 0 0 0 0 0 0 0 0 0 0 0 0 0 0 0 0 0 0 0 0 0 0 0 0 1 0 0 0 0 0 0 0 0 0 0 0 1 1 0 0 0 0 0 0 0 0 0 0 0 1 0 0 1 0 0 0 0 1 1 0 2 0 0 1 0 1 0 0 0 0 2 1 0 0 1 1 1 0 0 0 1 0 0 1 0 0 0 0 4 1 1 0 0 1 1 0 1 1 1 2 0 0 0 1 1 0 1 0 0 0 0 0 1 0 0 1 1 0 0 0 1 1 1 1 1 1 0 0 0 2 0 1 0 0 0 0 1 3 0 0 0 1 0 1 1 0 1 2 0 1 1 0 0 3 0 0 0 1 0 0 1 0 1 0 0 1 1 0 0 0 0 0 0 0 0 1 1 0 1 1 0 0 0 1 0 1 0 2 0 0 1 1 1 2 0 1 0 0 1 2 0 0 1 1 0 0 1 1 0 0 1 0 0 0 0 2 1 0 0 1 1 1 1 2 1 0 1 1 1 1 1 1 0 1 1 1 0 0 1 1 0 0 1 2 0 2 0 1 1 0 1 0 1 1 1 0 2 0 2 1 1 1 1 2 0 0 1 0 2 3 1 2 1 1 1 2 0 0 0 1 1 0 0 1 0 0 2 1 2 0 2 1 0 1 1 3 1 1 3 2 2 1 0 0 1 0 0 0 3 1 1 0 0 2 0 2 0 2 0 2 2 0 1 1 0 1 1 1 2 0 1 1 2 1 1 2 3 2 0 2 0 1 0 0 3 1 3 0 1 1 1 1 1 2 0 2 0 1 0 0 1 2 2 0 1 1 1 3 1 3 3 1 0 2 3 3 1 2 1 3 2 0 1 0 2 2 2 2 745 
9500.0,55,1084,100.56674545454523,182.0709999999999,88.72543634686343,298.817,0.1,0 0 0 0 0 0 0 0 0 0 0 0 0 0 0 0 0 0 0 0 0 0 0 0 0 0 0 1 0 0 0 0 0 1 0 0 0 0 0 0 0 0 0 0 1 0 1 0 0 0 0 0 0 0 1 0 1 0 1 0 0 0 0 0 0 0 0 0 0 0 0 0 0 0 0 0 0 0 0 0 0 0 0 0 0 0 0 0 0 0 0 0 0 0 0 0 0 0 0 0 1 1 0 0 0 0 0 0 0 0 0 0 0 0 0 0 0 0 0 0 0 0 0 0 0 0 0 0 0 0 0 0 0 0 0 0 0 0 0 0 0 0 0 0 0 0 0 0 0 0 0 0 0 0 0 0 0 0 0 0 0 0 0 0 0 0 0 0 0 0 0 0 0 0 0 0 0 0 0 0 0 2 0 0 0 0 0 0 0 0 0 0 0 0 0 0 0 1 0 0 0 0 0 0 0 0 0 0 0 0 0 0 0 0 0 0 0 0 0 0 0 0 0 0 0 0 0 0 0 0 0 0 0 0 0 1 0 0 0 0 0 0 0 0 0 0 0 1 1 0 0 0 0 0 0 0 0 0 0 0 1 0 0 1 0 0 0 0 1 1 0 2 0 0 1 0 1 0 0 0 0 2 1 0 0 1 1 1 0 0 0 1 0 0 1 0 0 0 0 4 1 1 0 0 1 1 0 1 1 1 2 0 0 0 1 1 0 1 0 0 0 0 0 1 0 0 1 1 0 0 0 1 1 1 1 1 1 0 0 0 2 0 1 0 0 0 0 1 3 0 0 0 1 0 2 1 0 1 2 0 1 1 0 0 3 1 0 0 1 0 0 1 0 1 0 0 1 2 1 0 0 0 0 0 0 0 1 1 0 1 1 0 0 0 1 0 1 0 2 0 0 1 1 1 2 0 1 0 0 1 2 0 0 1 1 0 0 1 1 0 0 1 0 0 0 0 2 1 0 0 1 1 1 1 2 1 0 2 1 1 1 1 1 0 1 1 1 0 1 1 1 0 0 1 2 0 2 0 1 1 0 1 0 1 1 1 0 2 0 2 1 1 1 1 2 1 0 1 0 2 3 1 2 1 1 1 2 0 0 0 1 1 0 0 1 0 0 2 1 2 0 2 1 0 1 1 3 1 1 4 2 2 1 0 0 1 0 0 0 3 1 1 0 0 2 0 2 0 2 0 2 2 0 1 1 0 1 1 1 2 0 1 1 2 1 1 2 3 2 0 2 0 1 0 0 3 1 3 0 1 1 1 1 1 2 0 3 0 1 0 0 1 2 2 0 1 1 1 3 1 3 3 1 0 2 3 3 1 2 1 3 2 0 1 0 2 2 2 2 791 
10000.0,35,1119,134.66885714285718,210.44200000000092,90.1624512957998,298.817,0.1,0 0 0 0 0 0 0 0 0 0 0 0 0 0 0 0 0 0 0 0 0 0 0 0 0 0 0 1 0 0 0 0 0 1 0 0 0 0 0 0 0 0 0 0 1 0 1 0 0 0 0 0 0 0 1 0 1 0 1 0 0 0 0 0 0 0 0 0 0 0 0 0 0 0 0 0 0 0 0 0 0 0 0 0 0 0 0 0 0 0 0 0 0 0 0 0 0 0 0 0 1 1 0 0 0 0 0 0 0 0 0 0 0 0 0 0 0 0 0 0 0 0 0 0 0 0 0 0 0 0 0 0 0 0 0 0 0 0 0 0 0 0 0 0 0 0 0 0 0 0 0 0 0 0 0 0 0 0 0 0 0 0 0 0 0 0 0 0 0 0 0 0 0 0 0 0 0 0 0 0 0 2 0 0 0 0 0 0 0 0 0 0 0 0 0 0 0 1 0 0 0 0 0 0 0 0 0 0 0 0 0 0 0 0 0 0 0 0 0 0 0 0 0 0 0 0 0 0 0 0 0 0 0 0 0 1 0 0 0 0 0 0 0 0 0 0 0 1 1 0 0 0 0 0 0 0 0 0 0 0 1 0 0 1 0 0 0 0 1 1 0 2 0 0 1 0 1 0 0 0 0 2 1 0 0 1 1 1 0 0 0 1 0 0 1 0 0 0 0 4 1 1 0 0 1 1 0 1 1 1 2 0 0 0 1 1 0 1 0 0 0 0 0 1 0 0 1 1 0 0 0 1 1 1 1 1 1 0 0 0 2 0 1 0 0 0 0 1 3 0 0 0 1 0 2 1 0 1 2 0 1 1 0 0 3 1 0 0 1 0 0 1 0 1 0 0 1 2 1 0 0 0 0 0 0 0 1 1 0 1 1 0 0 0 1 0 1 0 2 0 0 1 1 1 2 0 1 0 0 1 2 0 0 1 1 0 0 1 1 0 0 1 0 0 0 0 2 1 0 0 1 1 1 1 2 1 0 2 1 1 1 1 1 0 1 1 1 0 1 1 1 0 0 1 2 0 2 0 1 1 0 1 0 1 1 1 0 2 0 2 1 1 1 1 2 1 0 1 0 2 3 1 2 1 1 1 2 0 0 0 1 1 0 0 1 0 0 2 1 2 0 2 1 0 1 1 3 1 1 4 2 2 1 0 0 1 0 0 0 3 1 1 0 0 2 0 2 0 2 0 2 2 0 1 1 0 1 1 1 2 0 1 1 2 1 1 2 3 2 0 2 0 1 0 0 3 1 3 0 1 1 1 1 1 2 0 3 0 1 0 0 1 2 2 0 1 1 1 3 1 3 3 1 0 2 3 3 1 2 1 3 2 0 1 0 2 2 2 2 826 
10500.0,46,1165,129.5122391304347,241.48899999999958,91.7161768240343,298.817,0.1,0 0 0 0 0 0 0 0 0 0 0 0 0 0 0 0 0 0 0 0 0 0 0 0 0 0 0 1 0 0 0 0 0 1 0 0 0 0 0 0 0 0 0 0 1 0 1 0 0 0 0 0 0 0 1 0 1 0 1 0 0 0 0 0 0 0 0 0 0 0 0 0 0 0 0 0 0 0 0 0 0 0 0 0 0 0 0 0 0 0 0 0 0 0 0 0 0 0 0 0 1 1 0 0 0 0 0 0 0 0 0 0 0 0 0 0 0 0 0 0 0 0 0 0 0 0 0 0 0 0 0 0 0 0 0 0 0 0 0 0 0 0 0 0 0 0 0 0 0 0 0 0 0 0 0 0 0 0 0 0 0 0 0 0 0 0 0 0 0 0 0 0 0 0 0 0 0 0 0 0 0 2 0 0 0 0 0 0 0 0 0 0 0 0 0 0 0 1 0 0 0 0 0 0 0 0 0 0 0 0 0 0 0 0 0 0 0 0 0 0 0 0 0 0 0 0 0 0 0 0 0 0 0 0 0 1 0 0 0 0 0 0 0 0 0 0 0 1 1 0 0 0 0 0 0 0 0 0 0 0 1 0 0 1 0 0 0 0 1 1 0 2 0 0 1 0 1 0 0 0 0 2 1 0 0 1 1 1 0 0 0 1 0 0 1 0 0 0 0 4 1 1 0 0 1 1 0 1 1 1 2 0 0 0 1 1 0 1 0 0 0 0 0 1 0 0 1 1 0 0 0 1 1 1 1 1 1 0 0 0 2 0 1 0 0 0 0 1 3 0 0 0 1 0 2 1 0 1 2 0 1 1 0 0 3 1 0 0 1 0 0 1 0 1 0 0 1 2 1 0 0 0 0 0 0 0 1 1 0 1 1 0 0 0 1 0 1 0 2 0 0 1 1 1 2 0 1 1 0 1 2 0 0 1 1 0 0 1 1 0 0 1 0 0 0 0 2 1 0 0 1 1 1 1 2 1 0 3 1 1 1 1 1 0 1 1 1 0 1 1 1 0 0 1 2 0 2 0 1 1 0 1 0 1 1 1 0 2 0 3 1 1 1 1 2 1 0 1 0 2 3 1 2 1 1 1 2 0 0 0 1 2 0 0 1 0 0 2 2 2 0 2 1 0 1 1 3 1 1 4 2 3 1 0 0 1 0 0 0 3 1 1 0 0 2 0 2 0 2 0 2 2 0 1 1 0 1 2 1 2 0 1 1 2 1 1 2 3 2 0 2 1 1 0 0 3 1 3 0 1 1 1 1 1 2 0 3 0 1 0 0 1 3 2 0 1 1 1 3 1 3 3 1 0 2 3 3 1 2 1 3 2 0 1 0 2 2 2 2 863 
11000.0,17,1182,227.20570588235302,287.6859999999997,93.66484179357019,298.817,0.1,0 0 0 0 0 0 0 0 0 0 0 0 0 0 0 0 0 0 0 0 0 0 0 0 0 0 0 1 0 0 0 0 0 1 0 0 0 0 0 0 0 0 0 0 1 0 1 0 0 0 0 0 0 0 1 0 1 0 1 0 0 0 0 0 0 0 0 0 0 0 0 0 0 0 0 0 0 0 0 0 0 0 0 0 0 0 0 0 0 0 0 0 0 0 0 0 0 0 0 0 1 1 0 0 0 0 0 0 0 0 0 0 0 0 0 0 0 0 0 0 0 0 0 0 0 0 0 0 0 0 0 0 0 0 0 0 0 0 0 0 0 0 0 0 0 0 0 0 0 0 0 0 0 0 0 0 0 0 0 0 0 0 0 0 0 0 0 0 0 0 0 0 0 0 0 0 0 0 0 0 0 2 0 0 0 0 0 0 0 0 0 0 0 0 0 0 0 1 0 0 0 0 0 0 0 0 0 0 0 0 0 0 0 0 0 0 0 0 0 0 0 0 0 0 0 0 0 0 0 0 0 0 0 0 0 1 0 0 0 0 0 0 0 0 0 0 0 1 1 0 0 0 0 0 0 0 0 0 0 0 1 0 0 1 0 0 0 0 1 1 0 2 0 0 1 0 1 0 0 0 0 2 1 0 0 1 1 1 0 0 0 1 0 0 1 0 0 0 0 4 1 1 0 0 1 1 0 1 1 1 2 0 0 0 1 1 0 1 0 0 0 0 0 1 0 0 1 1 0 0 0 1 1 1 1 1 1 0 0 0 2 0 1 0 0 0 0 1 3 0 0 0 1 0 2 1 0 1 2 0 1 1 0 0 3 1 0 0 1 0 0 1 0 1 0 0 1 2 1 0 0 0 0 0 0 0 1 1 0 1 1 0 0 0 1 0 1 0 2 0 0 1 1 1 2 0 1 1 0 1 2 0 0 1 1 0 0 1 1 0 0 1 0 0 0 0 2 1 0 0 1 1 1 1 2 1 0 3 1 1 1 1 1 0 1 1 1 0 1 1 1 0 0 1 2 0 2 0 1 1 0 1 0 1 1 1 0 2 0 3 1 1 1 1 2 1 0 1 0 2 3 1 2 1 1 1 2 0 0 0 1 2 0 0 1 0 0 2 2 2 0 2 1 0 1 1 3 1 1 4 2 3 1 0 0 1 0 0 0 3 1 1 0 0 2 0 2 0 2 0 2 2 0 1 1 0 1 2 1 2 0 1 1 2 1 1 2 3 2 0 2 1 1 0 0 3 1 3 0 1 1 1 1 1 2 0 3 0 1 0 0 1 3 2 0 1 1 1 3 1 3 3 1 0 2 3 3 1 2 1 3 2 0 1 0 2 2 2 2 880 
11500.0,71,1253,92.8616901408451,298.371000000001,93.61933200319231,298.817,0.1,0 0 0 0 0 0 0 0 0 0 0 0 0 0 0 0 0 0 0 0 0 0 0 0 0 0 0 1 0 0 0 0 0 1 0 0 0 0 0 0 0 0 0 0 1 0 1 0 0 0 0 0 0 0 1 0 1 0 1 0 0 0 0 0 0 0 0 0 0 0 0 0 0 0 0 0 0 0 0 0 0 0 0 0 0 0 0 0 0 0 0 0 0 0 0 0 0 0 0 0 1 1 0 0 0 0 0 0 0 0 0 0 0 0 0 0 0 0 0 0 0 0 0 0 0 0 0 0 0 0 0 0 0 0 0 0 0 0 0 0 0 0 0 0 0 0 0 0 0 0 0 0 0 0 0 0 0 0 0 0 0 0 0 0 0 0 0 0 0 0 0 0 0 0 0 0 0 0 0 0 0 2 0 0 0 0 0 0 0 0 0 0 0 0 0 0 0 1 0 0 0 0 0 0 0 0 0 0 0 0 0 0 0 0 0 0 0 0 0 0 0 0 0 0 0 0 0 0 0 0 0 0 0 0 0 1 0 0 0 0 0 0 0 0 0 0 0 1 1 0 0 0 0 0 0 0 0 0 0 0 1 0 0 1 0 0 0 0 1 1 0 2 0 0 1 0 1 0 0 0 0 2 1 0 0 1 1 1 0 0 0 1 0 0 1 0 0 0 0 4 1 1 0 0 1 1 0 1 1 1 2 0 0 0 1 1 0 1 0 0 0 0 0 1 0 0 1 1 0 0 0 2 1 1 1 1 1 0 0 0 2 0 1 0 0 0 0 1 3 0 0 0 1 0 3 1 0 1 2 0 1 1 1 0 3 2 0 0 1 0 0 2 0 1 0 0 1 2 1 0 0 0 0 0 0 0 2 1 0 1 1 0 0 0 1 0 1 0 2 0 0 1 1 1 2 0 1 2 0 1 2 0 0 1 1 0 0 1 1 0 0 1 0 0 0 0 2 1 0 0 1 1 1 2 2 1 0 3 1 1 1 1 2 0 1 1 1 0 1 1 1 0 0 1 2 0 2 0 1 1 0 1 0 1 1 1 1 2 0 3 1 1 1 1 3 1 0 1 0 2 3 1 2 1 1 1 2 1 0 0 1 2 0 0 2 0 1 2 2 3 1 2 1 0 1 2 3 1 1 4 2 3 2 0 0 1 0 0 0 3 1 1 2 0 2 0 2 2 2 0 2 2 1 1 1 0 1 2 1 2 0 1 1 2 1 1 2 4 2 0 2 1 1 0 0 3 1 3 0 1 1 1 2 1 2 0 3 0 1 0 0 1 3 2 0 1 1 2 3 1 3 4 1 0 2 3 3 1 3 1 4 2 0 1 0 2 2 2 2 922 
12000.0,62,1315,90.9466451612901,143.51699999999983,93.49331939163494,298.817,0.1,0 0 0 0 0 0 0 0 0 0 0 0 0 0 0 0 0 0 0 0 0 0 0 0 0 0 0 1 0 0 0 0 0 1 0 0 0 0 0 0 0 0 0 0 1 0 1 0 0 0 0 0 0 0 1 0 1 0 1 0 0 0 0 0 0 0 0 0 0 0 0 0 0 0 0 0 0 0 0 0 0 0 0 0 0 0 0 0 0 0 0 0 0 0 0 0 0 0 0 0 1 1 0 0 0 0 0 0 0 0 0 0 0 0 0 0 0 0 0 0 0 0 0 0 0 0 0 0 0 0 0 0 0 0 0 0 0 0 0 0 0 0 0 0 0 0 0 0 0 0 0 0 0 0 0 0 0 0 0 0 0 0 0 0 0 0 0 0 0 0 0 0 0 0 0 0 0 0 0 0 0 2 0 0 0 0 0 0 0 0 0 0 0 0 0 0 0 1 0 0 0 0 0 0 0 0 0 0 0 0 0 0 0 0 0 0 0 0 0 0 0 0 0 0 0 0 0 0 0 0 0 0 0 0 0 1 0 0 0 0 0 0 0 0 0 0 0 1 1 0 0 0 0 0 0 0 0 0 0 0 1 0 0 1 0 0 0 0 1 1 0 2 0 0 1 0 1 0 0 0 0 2 1 0 0 1 1 1 0 0 0 1 0 0 1 0 0 0 0 4 1 1 0 0 1 1 0 1 1 1 2 0 0 0 1 1 0 1 0 0 0 0 0 1 0 0 1 1 0 0 0 2 1 1 1 1 1 0 0 0 2 0 1 0 0 0 0 1 3 0 0 0 1 0 3 1 0 1 2 0 1 1 1 0 3 2 0 0 1 0 0 2 0 1 0 0 1 2 1 0 0 0 0 0 0 0 2 1 0 1 1 0 0 0 1 0 1 0 2 0 0 1 1 1 2 0 1 2 0 1 2 0 0 1 1 0 0 1 1 0 0 1 0 0 0 0 2 1 0 0 1 1 1 2 2 1 0 3 1 1 1 1 2 0 1 1 1 0 1 1 1 0 0 1 2 0 2 0 1 1 0 1 0 1 1 1 1 2 0 3 1 1 1 1 3 1 0 1 0 2 3 1 2 2 1 1 2 1 0 0 1 2 0 0 2 0 1 2 2 3 1 2 1 0 1 2 3 1 1 4 2 3 2 0 0 1 0 0 0 3 1 1 2 0 2 0 2 2 2 0 2 2 1 1 1 0 1 2 1 2 0 1 1 2 1 1 2 4 2 0 2 1 1 0 0 3 1 3 0 1 1 1 2 1 2 0 3 0 1 0 0 1 3 2 0 1 1 2 3 1 3 4 1 0 2 3 3 1 3 1 4 2 0 1 0 2 2 2 2 983 
12500.0,52,1367,95.4304807692307,172.4969999999994,93.5670080468178,298.817,0.1,0 0 0 0 0 0 0 0 0 0 0 0 0 0 0 0 0 0 0 0 0 0 0 0 0 0 0 1 0 0 0 0 0 1 0 0 0 0 0 0 0 0 0 0 1 0 1 0 0 0 0 0 0 0 1 0 1 0 1 0 0 0 0 0 0 0 0 0 0 0 0 0 0 0 0 0 0 0 0 0 0 0 0 0 0 0 0 0 0 0 0 0 0 0 0 0 0 0 0 0 1 1 0 0 0 0 0 0 0 0 0 0 0 0 0 0 0 0 0 0 0 0 0 0 0 0 0 0 0 0 0 0 0 0 0 0 0 0 0 0 0 0 0 0 0 0 0 0 0 0 0 0 0 0 0 0 0 0 0 0 0 0 0 0 0 0 0 0 0 0 0 0 0 0 0 1 0 0 0 0 0 2 0 0 0 0 0 0 0 0 0 0 0 0 0 0 0 1 0 0 0 0 0 0 0 0 0 0 0 0 0 0 0 0 0 0 0 0 0 0 0 0 0 0 0 0 0 0 0 0 0 0 0 0 0 1 0 0 0 0 0 0 0 0 0 0 0 1 1 0 0 0 0 0 1 0 0 0 0 0 1 0 0 1 0 1 0 0 1 1 0 2 0 0 1 0 1 0 0 0 0 2 1 0 0 1 1 1 0 0 0 1 1 0 1 0 0 0 0 4 1 1 0 0 1 2 0 1 1 1 2 1 0 0 1 1 0 1 0 0 0 0 0 1 0 0 1 1 0 0 0 2 1 1 1 1 1 0 0 0 3 0 1 0 0 0 0 1 3 0 0 0 1 0 4 1 0 1 2 0 1 1 1 0 3 2 0 0 1 0 0 2 0 1 0 0 1 2 1 0 0 0 0 0 0 0 2 1 0 1 1 0 1 0 1 0 1 0 2 0 0 1 1 1 2 0 1 2 0 1 2 0 0 1 1 0 1 1 1 0 0 1 0 0 0 0 2 1 0 0 1 1 1 2 2 1 0 3 1 1 1 1 2 0 1 2 1 0 1 1 1 0 0 1 2 0 2 0 1 1 0 1 0 1 1 1 1 2 0 3 1 1 1 1 3 1 0 1 0 2 3 1 2 2 1 1 2 1 0 0 1 2 0 0 2 0 1 2 2 3 1 2 1 0 1 2 4 1 1 4 2 3 2 0 0 1 0 0 0 3 1 1 2 0 2 1 2 2 2 0 2 2 1 1 1 0 1 2 1 2 0 1 1 2 1 1 2 4 2 1 2 1 1 0 0 3 1 3 0 1 1 1 2 1 2 0 3 0 1 0 0 1 3 2 0 1 1 2 3 2 3 4 1 0 2 3 4 1 3 1 4 2 0 1 0 2 2 2 2 1019 
13000.0,60,1427,83.91428333333349,159.03499999999985,93.16114716187805,298.817,0.1,0 0 0 0 0 0 0 0 0 0 0 0 0 0 0 0 0 0 0 0 0 0 0 0 0 0 0 1 0 0 0 0 0 1 0 0 0 0 0 0 0 0 0 0 1 0 1 0 0 0 0 0 0 0 1 0 1 0 1 0 0 0 0 0 0 0 0 0 0 0 0 0 0 0 0 0 0 0 0 0 0 0 0 0 0 0 0 0 0 0 0 0 0 0 0 0 0 0 0 0 1 1 0 0 0 0 0 0 0 0 0 0 0 0 0 0 0 0 0 0 0 0 0 0 0 0 0 0 0 0 0 0 0 0 0 0 0 0 0 0 0 0 0 0 0 0 0 0 0 0 0 0 0 0 0 0 0 0 0 0 0 0 0 0 0 0 0 0 0 0 0 0 0 0 0 1 0 0 0 0 0 2 0 0 0 0 0 0 0 0 0 0 0 0 0 0 0 1 0 0 0 0 0 0 0 0 0 0 0 0 0 0 0 0 0 0 0 0 0 0 0 0 0 0 0 0 0 0 0 0 0 0 0 0 0 1 0 0 0 0 0 0 0 0 0 0 0 1 1 1 0 0 0 0 1 0 0 0 0 0 1 0 0 1 0 1 0 0 1 1 0 2 0 0 1 0 1 0 0 0 0 2 1 0 0 1 1 1 0 0 0 1 1 0 1 0 0 0 0 4 1 1 0 0 1 2 0 1 1 1 2 1 0 0 1 1 0 1 0 0 0 0 0 1 0 0 1 1 0 0 0 2 2 1 1 1 1 0 0 0 4 0 1 1 0 0 0 1 3 0 0 0 1 0 4 1 0 1 2 0 1 1 2 0 3 2 0 0 1 0 0 2 0 1 0 0 1 2 1 0 0 0 0 0 0 0 2 1 0 1 1 1 1 0 1 0 1 1 2 0 0 1 1 1 2 0 1 2 0 2 2 0 0 2 1 0 1 1 2 0 1 1 0 0 0 0 2 1 0 0 1 1 2 2 2 1 0 3 1 2 1 2 2 0 1 2 1 0 1 1 1 1 2 1 2 0 2 0 1 1 0 1 0 1 2 1 1 2 0 3 1 1 1 1 3 1 0 1 0 2 3 1 2 2 2 1 2 2 0 1 1 2 0 0 2 0 1 2 2 4 1 2 2 0 1 2 4 1 1 4 2 3 2 0 1 1 0 0 0 3 1 2 2 0 2 1 2 2 2 0 2 2 1 1 1 0 1 2 1 2 0 1 1 2 1 1 2 4 2 1 2 1 1 0 0 3 1 3 0 1 1 1 2 1 2 0 3 0 1 0 0 1 3 2 0 1 1 2 3 2 3 5 1 1 2 3 4 1 3 1 4 2 0 1 0 2 2 2 2 1052 
13500.0,53,1480,81.92911320754722,171.38600000000042,92.7589189189189,298.817,0.1,0 0 0 0 0 0 0 0 0 0 0 0 0 0 0 0 0 0 0 0 0 0 0 0 0 0 0 1 0 0 0 0 0 1 0 0 0 0 0 0 0 0 0 0 1 0 1 0 0 0 0 0 0 0 1 0 1 0 1 0 0 0 0 0 0 0 0 0 0 0 0 0 0 0 0 0 0 0 0 0 0 0 0 0 0 0 0 0 0 0 0 0 0 0 0 0 0 0 0 0 1 1 0 0 0 0 0 0 0 0 0 0 0 0 0 0 0 0 0 0 0 0 0 0 0 0 0 0 0 0 0 0 0 0 0 0 0 0 0 0 0 0 0 0 0 0 0 0 0 0 0 0 0 0 0 0 0 0 0 0 0 0 0 0 0 0 0 0 0 0 0 0 0 0 0 1 0 0 0 0 0 2 0 0 0 0 0 0 0 0 0 0 0 0 0 0 0 1 0 0 0 0 0 0 0 0 0 0 0 0 0 0 0 0 0 0 0 0 0 0 0 0 0 0 0 0 0 0 0 0 0 0 0 0 0 1 0 0 0 0 0 0 0 0 0 0 0 1 1 1 0 0 0 0 1 0 0 0 0 0 1 0 0 1 0 1 0 0 1 1 0 2 0 0 1 0 1 0 0 0 0 2 1 0 0 1 1 1 0 0 0 1 1 0 1 0 0 0 0 4 2 1 0 0 1 3 0 1 1 1 2 1 0 0 1 1 0 1 0 0 0 0 0 1 0 0 1 1 0 0 1 2 2 1 1 1 1 0 0 0 4 0 1 1 0 0 0 1 3 0 0 0 1 0 4 1 0 1 2 0 1 1 2 0 3 3 0 0 1 0 0 2 0 1 0 0 1 2 1 0 1 0 0 0 0 0 2 2 0 1 1 1 1 0 2 0 1 1 3 1 0 1 1 1 2 0 1 2 1 2 2 0 0 2 1 0 1 1 2 0 1 1 0 0 0 0 2 2 0 0 2 1 2 2 3 1 0 3 2 2 1 2 2 0 1 2 1 0 1 1 1 1 2 1 2 0 2 0 1 1 0 2 0 2 2 1 2 2 0 3 2 1 1 1 3 1 0 1 0 2 3 1 2 2 2 1 2 2 0 1 1 2 0 0 2 0 1 2 2 4 1 2 2 0 1 2 4 1 2 4 2 3 2 0 1 1 0 0 0 3 1 2 2 0 2 1 2 2 2 0 2 2 1 1 1 0 1 2 1 2 0 1 1 2 1 1 2 4 2 1 2 1 1 0 1 3 1 4 0 1 1 1 2 1 2 0 3 0 2 0 1 1 3 2 0 1 1 2 3 2 4 5 1 1 2 3 4 1 3 1 4 2 0 1 0 2 2 2 2 1081 
14000.0,50,1530,79.7739999999998,156.54799999999886,92.33457516339865,298.817,0.1,0 0 0 0 0 0 0 0 0 0 0 0 0 0 0 0 0 0 0 0 0 0 0 0 0 0 0 1 0 0 0 0 0 1 0 0 0 0 0 0 0 0 0 0 1 0 1 0 0 0 0 0 0 0 1 0 1 0 1 0 0 0 0 0 0 0 0 0 0 0 0 0 0 0 0 0 0 0 0 0 0 0 0 0 0 0 0 0 0 0 0 0 0 0 0 0 0 0 0 0 1 1 0 0 0 0 0 0 0 0 0 0 0 0 0 0 0 0 0 0 0 0 0 0 0 0 0 0 0 0 0 0 0 0 0 0 0 0 0 0 0 0 0 0 0 0 0 0 0 0 0 0 0 0 0 0 0 0 0 0 0 0 0 0 0 0 0 0 0 0 0 0 0 0 0 1 0 0 0 0 0 2 0 0 0 0 0 0 0 0 0 0 0 0 0 0 0 1 0 0 0 0 0 0 0 0 0 0 0 0 0 0 0 0 0 0 0 0 0 0 0 0 0 0 0 0 0 0 0 0 0 0 0 0 0 1 0 0 0 0 0 0 0 0 0 0 0 1 1 1 0 0 0 0 1 0 0 0 0 0 1 0 0 1 0 1 0 0 1 1 0 2 0 0 1 0 1 0 0 0 0 2 1 0 0 1 1 1 0 0 0 1 1 0 1 0 0 0 0 4 2 1 0 0 1 3 0 1 1 1 2 1 0 0 1 1 0 1 0 0 0 0 0 1 0 0 1 1 0 0 1 2 2 1 1 1 1 0 0 0 4 0 1 1 0 0 0 1 3 0 0 0 1 0 4 1 0 1 2 0 1 1 2 0 3 3 0 0 1 0 0 2 0 1 0 0 1 2 1 0 1 0 0 0 0 0 2 2 0 1 1 2 1 0 2 0 1 1 3 1 0 1 1 1 2 1 1 2 1 2 2 1 0 2 1 0 1 1 2 0 1 1 0 0 0 0 3 2 1 0 2 1 2 2 3 1 0 3 2 2 1 2 2 0 1 2 1 1 1 1 1 1 2 1 2 0 2 1 1 1 0 2 0 2 2 1 2 2 0 3 2 1 1 1 3 1 0 1 1 2 3 1 2 2 2 1 2 2 0 1 1 2 0 1 2 0 1 2 3 4 1 2 2 0 1 2 4 1 2 4 2 3 2 0 1 1 0 1 0 3 1 2 2 1 2 2 2 2 2 0 2 2 1 1 2 0 1 2 1 2 0 1 1 2 1 1 2 4 2 3 2 1 1 0 1 3 1 4 0 1 1 2 2 1 2 0 3 0 2 1 1 1 3 2 1 1 1 2 3 2 4 5 1 1 2 3 5 1 3 1 4 2 0 1 0 2 2 2 2 1111 
14500.0,53,1583,125.67233962264152,252.15200000000004,93.45074794693615,298.817,0.1,0 0 0 0 0 0 0 0 0 0 0 0 0 0 0 0 0 0 0 0 0 0 0 0 0 0 0 1 0 0 0 0 0 1 0 0 0 0 0 0 0 0 0 0 1 0 1 0 0 0 0 0 0 0 1 0 1 0 1 0 0 0 0 0 0 0 0 0 0 0 0 0 0 0 0 0 0 0 0 0 0 0 0 0 0 0 0 0 0 0 0 0 0 0 0 0 0 0 0 0 1 1 0 0 0 0 0 0 0 0 0 0 0 0 0 0 0 0 0 0 0 0 0 0 0 0 0 0 0 0 0 0 0 0 0 0 0 0 0 0 0 0 0 0 0 0 0 0 0 0 0 0 0 0 0 0 0 0 0 0 0 0 0 0 0 0 0 0 0 0 0 0 0 0 0 1 0 0 0 0 0 2 0 0 0 0 0 0 0 0 0 0 0 0 0 0 0 1 0 0 0 0 0 0 0 0 0 0 0 0 0 0 0 0 0 0 0 0 0 0 0 0 0 0 0 0 0 0 0 0 0 0 0 0 0 1 0 0 0 0 0 0 0 0 0 0 0 1 1 1 0 0 0 0 1 0 0 0 0 0 1 0 0 1 0 1 0 0 1 1 0 2 0 0 1 0 1 0 0 0 0 2 1 0 0 1 1 1 0 0 0 1 1 0 1 0 0 0 0 4 2 1 0 0 1 3 0 1 1 1 2 1 0 0 1 1 0 1 0 0 0 0 0 1 0 0 1 1 0 0 1 2 2 1 1 1 1 0 0 0 4 0 1 1 0 0 0 1 3 0 0 0 1 0 4 1 0 1 2 0 1 1 2 0 3 3 0 0 1 0 0 2 0 1 0 0 1 2 1 0 1 0 0 0 0 1 2 2 0 1 1 2 1 0 2 0 1 1 3 1 0 1 1 1 2 1 1 2 1 2 2 1 0 2 1 0 1 1 2 0 1 1 0 0 0 0 3 2 1 0 2 1 2 2 3 1 0 3 2 2 1 2 2 0 1 2 1 1 1 1 1 1 2 1 2 0 2 1 1 1 0 3 0 2 2 1 2 2 0 3 2 2 1 1 3 1 0 1 1 2 3 1 3 3 2 1 2 3 1 1 1 2 0 1 2 0 1 2 3 4 1 2 2 0 1 2 4 1 2 4 2 3 2 0 1 1 0 1 0 3 1 2 2 1 2 2 2 2 2 0 2 2 1 1 2 0 1 2 1 2 0 1 1 2 1 1 2 4 2 3 2 1 1 0 1 3 1 4 0 1 2 2 2 1 2 0 3 0 2 1 1 1 3 2 1 1 2 2 3 2 4 5 1 1 2 3 6 1 3 1 4 2 0 1 0 2 2 2 2 1154 
15000.0,60,1643,84.63523333333336,150.35599999999977,93.12881801582466,298.817,0.1,0 0 0 0 0 0 0 0 0 0 0 0 0 0 0 0 0 0 0 0 0 0 0 0 0 0 0 1 0 0 0 0 0 1 0 0 0 0 0 0 0 0 0 0 1 0 1 0 0 0 0 0 0 0 1 0 1 0 1 0 0 0 0 0 0 0 0 0 0 0 0 0 0 0 0 0 0 0 0 0 0 0 0 0 0 0 0 0 0 0 0 0 0 0 0 0 0 0 0 0 1 1 0 0 0 0 0 0 0 0 0 0 0 0 0 0 0 0 0 0 0 0 0 0 0 0 0 0 0 0 0 0 0 0 0 0 0 0 0 0 0 0 0 0 0 0 0 0 0 0 0 0 0 0 0 0 0 0 0 0 0 0 0 0 0 0 0 0 0 0 0 0 0 0 0 1 0 0 0 0 0 2 0 0 0 0 0 0 0 0 0 0 0 0 0 0 0 1 0 0 0 0 0 0 0 0 0 0 0 0 0 0 0 0 0 0 0 0 0 0 0 0 0 0 0 0 0 0 0 0 0 0 0 0 0 1 0 0 0 0 0 0 0 0 0 0 0 1 1 1 0 0 0 0 1 0 0 0 0 0 1 0 0 1 0 1 0 0 1 1 0 2 0 0 1 0 1 0 0 0 0 2 1 0 0 1 1 1 0 0 0 1 1 0 1 0 0 0 0 4 2 1 0 0 1 3 0 1 1 1 2 1 0 0 1 1 0 1 0 0 0 0 0 1 0 0 1 1 0 0 1 2 3 1 1 1 1 0 0 0 4 0 1 1 0 0 0 1 3 0 0 0 1 0 4 1 0 1 2 0 1 1 2 0 3 4 0 0 1 0 0 2 0 1 0 0 1 2 1 0 1 0 1 0 0 1 2 2 0 1 1 2 1 0 2 0 1 1 4 1 0 1 1 1 2 1 1 2 2 2 2 1 0 2 1 1 1 1 2 0 1 1 0 0 0 0 3 2 1 0 2 1 2 2 3 1 0 3 2 2 1 2 2 0 1 2 1 1 1 1 1 1 2 1 2 1 2 1 1 1 0 3 0 2 2 1 2 2 0 3 2 2 1 1 3 2 1 1 1 2 4 1 3 3 2 1 2 3 1 1 1 2 0 2 2 0 1 2 3 4 1 2 2 0 2 2 4 2 2 4 2 3 2 0 1 1 0 1 0 3 1 2 2 1 2 2 2 2 2 0 2 2 1 2 2 0 1 2 1 2 0 1 2 2 1 1 2 4 3 3 2 1 1 0 1 3 1 4 0 1 2 2 2 1 2 0 3 1 2 1 1 1 3 2 1 1 2 2 3 2 4 5 1 2 2 3 6 1 3 1 4 2 0 1 0 2 2 2 2 1196 
15500.0,52,1695,104.08015384615388,179.85900000000038,93.46478820058994,298.817,0.1,0 0 0 0 0 0 0 0 0 0 0 0 0 0 0 0 0 0 0 0 0 0 0 0 0 0 0 1 0 0 0 0 0 1 0 0 0 0 0 0 0 0 0 0 1 0 1 0 0 0 0 0 0 0 1 0 1 0 1 0 0 0 0 0 0 0 0 0 0 0 0 0 0 0 0 0 0 0 0 0 0 0 0 0 0 0 0 0 0 0 0 0 0 0 0 0 0 0 0 0 1 1 0 0 0 0 0 0 0 0 0 0 0 0 0 0 0 0 0 0 0 0 0 0 0 0 0 0 0 0 0 0 0 0 0 0 0 0 0 0 0 0 0 0 0 0 0 0 0 0 0 0 0 0 0 0 0 0 0 0 0 0 0 0 0 0 0 0 0 0 0 0 0 0 0 1 0 0 0 0 0 2 0 0 0 0 0 0 0 0 0 0 0 0 0 0 0 1 0 0 0 0 0 0 0 0 0 0 0 0 0 0 0 0 0 0 0 0 0 0 0 0 0 0 0 0 0 0 0 0 0 0 0 0 0 1 0 0 0 0 0 0 0 0 0 0 0 1 1 1 0 0 0 0 1 0 0 0 0 0 1 0 0 1 0 1 0 0 1 1 0 2 0 0 1 0 1 0 0 0 0 2 1 0 0 1 1 1 0 0 0 1 1 0 1 0 0 0 0 4 2 1 0 0 1 3 0 1 1 1 2 1 0 0 1 1 0 1 0 0 0 0 0 1 0 0 1 1 0 0 1 2 3 1 1 1 1 0 0 0 4 0 1 1 0 0 0 1 3 0 0 0 1 0 4 1 0 1 2 0 1 1 2 0 3 4 0 0 1 0 0 2 0 1 0 0 1 2 1 0 1 0 1 0 0 1 2 2 0 1 1 2 1 0 2 0 1 1 4 1 0 1 1 1 2 1 1 2 2 2 2 1 0 2 1 1 1 1 2 0 1 1 0 0 0 0 3 2 1 0 2 1 2 2 3 1 0 3 2 2 1 2 2 0 1 2 1 1 1 1 1 1 2 1 2 1 2 1 1 1 0 3 0 2 2 1 2 2 0 3 2 2 1 1 3 2 1 1 1 2 4 1 3 3 2 1 2 3 1 1 1 2 0 2 2 0 1 2 3 4 1 2 2 0 2 2 4 2 2 4 2 3 2 0 1 2 0 1 0 3 1 2 2 1 2 2 2 2 2 0 2 2 1 2 2 0 1 2 1 2 0 1 2 2 1 1 2 4 3 3 2 1 1 0 1 3 1 4 0 1 2 2 2 1 2 0 3 1 2 1 1 2 3 2 2 1 2 2 3 2 4 5 1 2 2 3 6 1 3 1 4 2 0 1 0 2 2 2 2 1245 
16000.0,45,1740,110.33144444444459,237.59000000000015,93.90099482758617,298.817,0.1,0 0 0 0 0 0 0 0 0 0 0 0 0 0 0 0 0 0 0 0 0 0 0 0 0 0 0 1 0 0 0 0 0 1 0 0 0 0 0 0 0 0 0 0 1 0 1 0 0 0 0 0 0 0 1 0 1 0 1 0 0 0 0 0 0 0 0 0 0 0 0 0 0 0 0 0 0 0 0 0 0 0 0 0 0 0 0 0 0 0 0 0 0 0 0 0 0 0 0 0 1 1 0 0 0 0 0 0 0 0 0 0 0 0 0 0 0 0 0 0 0 0 0 0 0 0 0 0 0 0 0 0 0 0 0 0 0 0 0 0 0 0 0 0 0 0 0 0 0 0 0 0 0 0 0 0 0 0 0 0 0 0 0 0 0 0 0 0 0 0 0 0 0 0 0 1 0 0 0 0 0 2 0 0 0 0 0 0 0 0 0 0 0 0 0 0 0 1 0 0 0 0 0 0 0 0 0 0 0 0 0 0 0 0 0 0 0 0 0 0 0 0 0 0 0 0 0 0 0 0 0 0 0 0 0 1 0 0 0 0 0 0 0 0 0 0 0 1 1 1 0 0 0 0 1 0 0 0 0 0 1 0 0 1 0 1 0 0 1 1 0 2 0 0 1 0 1 0 0 0 0 2 1 0 0 1 1 1 0 0 0 1 1 0 1 0 0 0 0 4 2 1 0 0 1 3 0 1 1 1 2 1 0 0 1 1 0 1 0 0 0 0 0 1 0 0 1 1 0 0 1 2 3 1 1 1 1 0 0 0 4 0 1 1 0 0 0 1 3 0 0 0 1 0 4 1 0 1 2 0 1 1 2 0 3 4 0 0 1 0 0 2 0 1 0 0 1 2 1 0 1 0 2 0 0 1 2 2 0 1 1 2 1 0 2 0 2 1 4 1 1 1 1 1 2 1 1 2 2 2 2 1 0 2 1 2 1 1 2 0 1 1 0 0 0 0 3 2 1 0 2 1 2 2 3 1 0 3 2 3 1 2 2 0 1 2 1 2 1 1 1 1 2 1 2 1 2 2 1 1 0 3 0 2 2 1 2 2 0 3 2 2 1 1 3 2 1 1 1 2 4 1 3 3 2 1 2 3 1 1 1 2 0 2 2 0 1 2 3 4 1 2 2 0 2 2 4 2 2 4 2 3 2 0 1 2 1 2 0 3 1 2 2 1 2 2 2 2 2 0 2 2 1 2 2 0 1 2 1 2 0 1 2 2 1 1 2 4 3 3 2 1 1 1 1 3 1 4 0 1 2 2 2 1 2 0 3 1 2 1 2 3 3 2 2 1 2 2 3 2 4 5 1 2 2 3 6 1 3 1 4 2 0 1 0 2 2 2 2 1278 
16500.0,59,1799,92.58930508474599,209.15200000000004,93.85797665369647,298.817,0.1,0 0 0 0 0 0 0 0 0 0 0 0 0 0 0 0 0 0 0 0 0 0 0 0 0 0 0 1 0 0 0 0 0 1 0 0 0 0 0 0 0 0 0 0 1 0 1 0 0 0 0 0 0 0 1 0 1 0 1 0 0 0 0 0 0 0 0 0 0 0 0 0 0 0 0 0 0 0 0 0 0 0 0 0 0 0 0 0 0 0 0 0 0 0 0 0 0 0 0 0 1 1 0 0 0 0 0 0 0 0 0 0 0 0 0 0 0 0 0 0 0 0 0 0 0 0 0 0 0 0 0 0 0 0 0 0 0 0 0 0 0 0 0 0 0 0 0 0 0 0 0 0 0 0 0 0 0 0 0 0 0 0 0 0 0 0 0 0 0 0 0 0 0 0 0 1 0 0 0 0 0 2 0 0 1 0 0 0 0 0 0 0 0 0 0 0 0 1 0 0 0 0 0 0 1 0 1 0 1 0 0 0 0 0 0 0 0 0 0 0 0 0 0 0 0 0 0 0 0 0 0 0 0 0 0 1 0 0 0 0 0 0 0 0 0 0 0 1 1 1 0 0 0 0 1 0 0 0 0 0 1 0 0 1 0 1 0 0 2 2 0 2 0 0 1 0 1 0 0 0 0 2 1 0 0 1 1 1 0 0 0 1 1 0 1 0 0 0 0 4 2 1 0 0 1 3 0 1 1 1 2 1 0 0 1 1 0 1 0 0 0 0 0 1 0 0 1 1 0 0 1 2 3 1 1 1 1 0 0 0 4 0 1 1 0 0 0 1 3 0 0 0 1 0 4 1 0 1 2 0 1 1 2 0 3 4 0 0 1 0 0 2 0 1 0 0 1 2 1 0 1 0 2 0 0 1 2 2 0 1 1 2 1 0 2 0 2 1 4 1 1 1 1 1 2 1 1 2 2 2 2 1 0 2 1 2 1 1 2 0 1 1 1 0 1 0 3 2 1 0 2 1 2 2 3 1 0 3 2 3 1 2 2 0 1 2 1 2 2 1 1 1 2 1 3 1 2 2 1 1 0 3 0 2 2 1 2 2 0 3 3 2 1 1 3 2 1 1 3 2 4 1 3 3 2 1 2 3 1 1 1 2 0 2 4 0 1 2 3 4 1 3 2 0 2 2 4 2 2 4 2 3 2 0 1 2 1 3 0 3 1 2 2 2 2 2 2 2 2 0 2 2 1 2 2 0 1 2 1 2 0 1 2 2 1 1 2 4 3 3 2 1 1 1 1 3 1 4 0 1 2 2 2 1 2 0 3 1 2 1 2 3 3 2 2 1 2 2 3 2 4 6 1 2 2 3 6 1 3 1 4 2 0 1 0 2 2 2 2 1318 
17000.0,58,1857,82.73067241379319,134.00400000000081,93.51043564889605,298.817,0.1,0 0 0 0 0 0 0 0 0 0 0 0 0 0 0 0 0 0 0 0 0 0 0 0 0 0 0 1 0 0 0 0 0 1 0 0 0 0 0 0 0 0 0 0 1 0 1 0 0 0 0 0 0 0 1 0 1 0 1 0 0 0 0 0 0 0 0 0 0 0 0 0 0 0 0 0 0 0 0 0 0 0 0 0 0 0 0 0 0 0 0 0 0 0 0 0 0 0 0 0 1 1 0 0 0 0 0 0 0 0 0 0 0 0 0 0 0 0 0 0 0 0 0 0 0 0 0 0 0 0 0 0 0 0 0 0 0 0 0 0 0 0 0 0 0 0 0 0 0 0 0 0 0 0 0 0 0 0 0 0 0 0 0 0 0 0 0 0 0 0 0 0 0 0 0 1 0 0 0 0 0 2 0 0 1 0 0 0 0 0 0 0 0 0 0 0 0 1 0 0 0 0 0 0 1 0 1 0 1 0 0 0 0 0 0 0 0 0 0 0 0 0 0 0 0 0 0 0 0 0 0 0 0 0 0 1 0 0 0 0 0 0 0 0 0 0 0 1 1 1 0 0 0 0 1 0 0 0 0 0 1 0 0 1 0 1 0 0 2 2 0 2 0 0 1 0 1 0 0 0 0 2 1 0 0 1 1 1 0 0 0 1 1 0 1 0 0 0 0 4 2 1 0 0 1 3 0 1 1 1 2 1 0 0 1 1 0 1 0 0 0 0 0 1 0 0 1 1 0 0 1 2 3 1 1 1 1 0 0 0 4 0 1 1 0 0 0 1 3 0 0 0 1 0 4 1 0 1 2 0 1 1 2 0 3 4 0 0 1 0 0 2 0 1 0 0 1 2 1 0 1 0 2 0 0 1 2 2 0 1 1 2 1 0 2 0 2 1 4 1 1 1 1 1 2 1 1 2 2 2 2 1 0 2 1 2 1 1 2 0 1 1 1 0 1 0 3 2 1 0 2 1 2 2 3 1 0 3 2 3 2 2 2 0 1 2 1 2 2 1 1 1 2 1 3 1 2 2 1 2 0 3 0 2 2 1 2 2 0 3 3 2 1 1 3 2 1 1 3 2 4 1 3 3 2 1 2 3 1 1 1 2 0 2 4 0 1 2 3 4 1 3 2 0 2 2 4 2 2 4 2 3 2 0 1 2 1 3 0 3 1 2 2 2 2 2 2 2 2 0 2 2 1 2 2 0 1 2 1 2 0 1 2 2 1 1 2 4 3 3 2 1 1 1 1 3 1 4 0 1 2 2 2 1 2 0 3 1 2 1 2 3 3 2 2 1 2 2 3 2 4 6 1 3 3 3 6 1 3 1 4 2 0 1 0 2 2 2 2 1372 
17500.0,60,1917,94.75291666666696,171.88000000000102,93.54932394366196,298.817,0.1,0 0 0 0 0 0 0 0 0 0 0 0 0 0 0 0 0 0 0 0 0 0 0 0 0 0 0 1 0 0 0 0 0 1 0 0 0 0 0 0 0 0 0 0 1 0 1 0 0 0 0 0 0 0 1 0 1 0 1 0 0 0 0 0 0 0 0 0 0 0 0 0 0 0 0 0 0 0 0 0 0 0 0 0 0 0 0 0 0 0 0 0 0 0 0 0 0 0 0 0 1 1 0 0 0 0 0 0 0 0 0 0 0 0 0 0 0 0 0 0 0 0 0 0 0 0 0 0 0 0 0 0 0 0 0 0 0 0 0 0 0 0 0 0 0 0 0 0 0 0 0 0 0 0 0 0 0 0 0 0 0 0 0 0 0 0 0 0 0 0 0 0 0 0 0 1 0 0 0 0 0 2 0 0 1 0 0 0 0 0 0 0 0 0 0 0 0 1 0 0 0 0 0 0 1 0 1 0 1 0 0 0 0 0 0 0 0 0 0 0 0 0 0 0 0 0 0 0 0 0 0 0 0 0 0 1 0 0 0 0 0 0 0 0 0 0 0 1 1 1 0 0 0 0 1 0 0 0 0 0 1 0 0 1 0 1 0 0 2 2 0 2 0 0 1 0 1 0 0 1 0 2 1 0 0 2 1 1 0 0 0 1 1 0 1 0 0 0 0 4 2 1 0 0 1 3 0 1 1 1 2 1 0 0 1 1 0 1 0 0 0 0 0 1 0 0 1 1 0 0 2 2 3 1 1 1 1 0 0 1 4 0 1 1 0 0 0 1 3 0 0 0 1 0 4 1 0 1 2 0 1 1 2 0 3 4 0 0 1 0 0 3 0 1 0 0 1 2 1 0 1 0 2 0 2 1 2 2 0 1 1 2 1 0 2 0 2 1 4 1 1 1 1 1 2 1 1 2 2 2 2 1 0 2 1 2 1 1 2 0 1 1 1 0 1 0 3 2 1 0 2 1 2 2 3 1 0 3 2 3 2 2 2 0 1 2 1 2 2 1 1 1 2 1 3 1 2 2 1 2 0 3 0 2 2 1 2 2 0 3 3 2 1 1 3 2 1 1 3 2 4 1 3 3 2 1 2 3 1 1 1 2 0 2 4 0 1 2 3 4 1 3 2 0 2 2 4 2 2 4 2 3 2 0 1 2 1 3 0 3 1 2 2 2 2 2 2 2 2 1 2 2 1 2 2 0 1 2 1 2 0 1 2 2 1 1 2 4 4 3 2 1 1 1 1 3 1 4 0 1 2 2 2 1 2 0 3 1 2 1 2 3 3 3 2 1 2 2 3 2 4 6 1 3 3 3 6 1 3 1 4 2 0 1 0 2 2 2 2 1422 
18000.0,33,1950,158.27024242424235,237.1899999999987,94.64460102564101,298.817,0.1,0 0 0 0 0 0 0 0 0 0 0 0 0 0 0 0 0 0 0 0 0 0 0 0 0 0 0 1 0 0 0 0 0 1 0 0 0 0 0 0 0 0 0 0 1 0 1 0 0 0 0 0 0 0 1 0 1 0 1 0 0 0 0 0 0 0 0 0 0 0 0 0 0 0 0 0 0 0 0 0 0 0 0 0 0 0 0 0 0 0 0 0 0 0 0 0 0 0 0 0 1 1 0 0 0 0 0 0 0 0 0 0 0 0 0 0 0 0 0 0 0 0 0 0 0 0 0 0 0 0 0 0 0 0 0 0 0 0 0 0 0 0 0 0 0 0 0 0 0 0 0 0 0 0 0 0 0 0 0 0 0 0 0 0 0 0 0 0 0 0 0 0 0 0 0 1 0 0 0 0 0 2 0 0 1 0 0 0 0 0 0 0 0 0 0 0 0 1 0 0 0 0 0 0 1 0 1 0 1 0 0 0 0 0 0 0 0 0 0 0 0 0 0 0 0 0 0 0 0 0 0 0 0 0 0 1 0 0 0 0 0 0 0 0 0 0 0 1 1 1 0 0 0 0 1 0 0 0 0 0 1 0 0 1 0 1 0 0 2 2 0 2 0 0 1 0 1 0 0 1 0 2 1 0 0 2 1 1 0 0 0 1 1 0 1 0 0 0 0 4 2 1 0 0 1 3 0 1 1 1 2 1 0 0 1 1 0 1 0 0 0 0 0 1 0 0 1 1 0 0 2 2 3 1 1 1 1 0 0 1 4 0 1 1 0 0 0 1 3 0 0 0 1 0 4 1 0 1 2 0 1 1 2 0 3 4 0 0 1 0 0 3 0 1 0 0 1 2 1 0 1 0 2 0 2 1 2 2 0 1 1 2 1 0 2 0 2 1 4 1 1 1 1 1 2 1 1 2 2 2 2 1 0 2 1 2 1 1 2 0 1 1 1 0 1 0 3 2 1 0 2 1 2 2 3 1 0 3 2 3 2 2 2 0 1 2 1 2 2 1 1 1 2 1 3 2 2 2 1 2 0 3 0 2 2 1 2 2 0 3 3 2 1 1 3 2 1 1 3 2 4 1 3 3 3 1 2 3 1 1 1 2 0 2 4 0 1 2 3 4 1 3 2 0 2 2 4 2 2 4 2 3 2 0 1 2 1 3 0 3 1 2 2 3 2 2 2 2 2 1 2 2 1 2 2 0 1 2 1 2 1 1 2 2 1 1 2 4 4 3 2 1 1 1 1 3 1 4 0 1 2 2 2 1 2 0 3 1 2 1 2 3 3 3 2 1 2 2 3 2 4 6 1 3 3 3 6 1 3 1 4 2 0 1 0 2 2 2 2 1451 
18500.0,49,1999,53.94475510204092,100.8269999999975,93.64695597798898,298.817,0.1,0 0 0 0 0 0 0 0 0 0 0 0 0 0 0 0 0 0 0 0 0 0 0 0 0 0 0 1 0 0 0 0 0 1 0 0 0 0 0 0 0 0 0 0 1 0 1 0 0 0 0 0 0 0 1 0 1 0 1 0 0 0 0 0 0 0 0 0 0 0 0 0 0 0 0 0 0 0 0 0 0 0 0 0 0 0 0 0 0 0 0 0 0 0 0 0 0 0 0 0 1 1 0 0 0 0 0 0 0 0 0 0 0 0 0 0 0 0 0 0 0 0 0 0 0 0 0 0 0 0 0 0 0 0 0 0 0 0 0 0 0 0 0 0 0 0 0 0 0 0 0 0 0 0 0 0 0 0 0 0 0 0 0 0 0 0 0 0 0 0 0 0 0 0 0 1 0 0 0 0 0 2 0 0 1 0 0 0 0 0 0 0 0 0 0 0 0 1 0 0 0 0 0 0 1 0 1 0 1 0 0 0 0 0 0 0 0 0 0 0 0 0 0 0 0 0 0 0 0 0 0 0 0 0 0 1 0 0 0 0 0 0 0 0 0 0 0 1 1 1 0 0 1 0 1 0 0 0 0 0 1 0 0 2 0 1 0 0 4 2 0 3 0 0 1 0 2 0 0 1 0 2 2 0 0 2 1 1 0 0 0 2 1 0 1 0 0 0 0 5 2 1 0 0 1 3 0 2 1 1 2 1 0 0 1 1 0 1 0 0 0 0 0 1 0 0 2 1 0 0 2 2 3 1 1 1 2 0 0 1 4 0 2 1 0 0 1 1 3 0 0 0 1 1 4 2 0 2 2 0 1 1 2 0 3 4 0 0 1 0 0 3 0 1 0 0 1 2 1 0 1 1 2 0 2 1 2 2 0 2 2 2 1 0 2 0 2 1 4 1 1 1 1 1 2 1 1 2 2 2 2 1 0 2 1 2 2 1 2 0 1 2 1 0 1 0 3 2 1 0 2 1 2 2 3 1 0 3 2 3 2 2 2 0 1 2 1 2 2 1 1 1 3 1 3 2 2 2 1 2 0 3 1 3 2 1 2 2 0 3 3 2 1 1 3 2 1 1 3 2 4 1 3 3 3 1 2 3 1 1 1 2 0 2 4 0 1 2 3 4 1 3 2 0 2 2 4 2 2 4 2 3 2 0 1 2 1 3 0 3 1 2 2 3 2 2 2 2 2 1 2 2 1 2 2 0 1 2 1 2 1 1 2 2 1 1 2 4 4 3 2 1 1 1 1 3 1 4 0 2 2 2 2 1 2 0 3 1 2 1 3 3 3 3 2 1 2 2 3 3 4 6 1 3 3 3 6 1 3 1 4 2 0 1 0 2 2 2 2 1472 
19000.0,38,2037,174.81492105263217,383.5689999999995,95.1611350024546,383.5689999999995,0.1,0 0 0 0 0 0 0 0 0 0 0 0 0 0 0 0 0 0 0 0 0 0 0 0 0 0 0 1 0 0 0 0 0 1 0 0 0 0 0 0 0 0 0 0 1 0 1 0 0 0 0 0 0 0 1 0 1 0 1 0 0 0 0 0 0 0 0 0 0 0 0 0 0 0 0 0 0 0 0 0 0 0 0 0 0 0 0 0 0 0 0 0 0 0 0 0 0 0 0 0 1 1 0 0 0 0 0 0 0 0 0 0 0 0 0 0 0 0 0 0 0 0 0 0 0 0 0 0 0 0 0 0 0 0 0 0 0 0 0 0 0 0 0 0 0 0 0 0 0 0 0 0 0 0 0 0 0 0 0 0 0 0 0 0 0 0 0 0 0 0 0 0 0 0 0 1 0 0 0 0 0 2 0 0 1 0 0 0 0 0 0 0 0 0 0 0 0 1 0 0 0 0 0 0 1 0 1 0 1 0 0 0 0 0 0 0 0 0 0 0 0 0 0 0 0 0 0 0 0 0 0 0 0 0 0 1 0 0 0 0 0 0 0 0 0 0 0 1 1 1 0 0 1 0 1 0 0 0 0 0 1 0 0 2 0 1 0 0 4 2 0 3 0 0 1 0 2 0 0 1 0 2 2 0 0 2 1 1 0 0 0 2 1 0 1 0 0 0 0 5 2 1 0 0 1 3 0 2 1 1 2 1 0 0 1 1 0 1 0 0 0 0 0 1 0 0 2 1 0 0 2 2 3 1 1 1 2 0 0 1 4 0 2 1 0 0 1 1 3 0 0 0 1 1 4 2 0 2 2 0 1 1 2 0 3 4 0 0 1 0 0 3 0 1 0 0 1 2 1 0 1 1 2 0 2 1 2 2 0 2 2 2 1 0 2 0 2 1 4 1 1 1 1 1 2 1 1 2 2 2 2 1 0 2 1 2 2 1 2 0 1 2 1 0 1 0 3 2 1 0 2 1 2 2 3 1 0 3 2 3 2 2 2 0 1 2 1 2 2 1 1 1 3 1 3 2 2 2 1 2 0 3 1 3 2 1 2 2 0 3 3 2 1 1 3 2 1 1 3 2 4 1 3 3 3 1 2 3 1 1 1 2 0 2 4 0 1 2 3 4 1 3 2 0 2 2 4 2 2 4 2 3 2 0 1 2 1 3 0 3 1 2 2 3 2 2 2 2 2 1 2 2 1 2 2 0 1 2 1 2 1 1 2 2 1 1 2 4 4 3 2 1 1 1 1 3 1 4 0 2 2 2 2 1 2 0 3 1 2 1 3 3 3 3 2 1 2 2 3 3 4 6 1 3 3 3 6 1 3 1 4 2 0 1 0 2 2 2 2 1510 
19500.0,59,2096,98.94416949152546,207.3139999999985,95.26762309160307,383.5689999999995,0.1,0 0 0 0 0 0 0 0 0 0 0 0 0 0 0 0 0 0 0 0 0 0 0 0 0 0 0 1 0 0 0 0 0 1 0 0 0 0 0 0 0 0 0 0 1 0 1 0 0 0 0 0 0 0 1 0 1 0 1 0 0 0 0 0 0 0 0 0 0 0 0 0 0 0 0 0 0 0 0 0 0 0 0 0 0 0 0 0 0 0 0 0 0 0 0 0 0 0 0 0 1 1 0 0 0 0 0 0 0 0 0 0 0 0 0 0 0 0 0 0 0 0 0 0 0 0 0 0 0 0 0 0 0 0 0 0 0 0 0 0 0 0 0 0 0 0 0 0 0 0 0 0 0 0 0 0 0 0 0 0 0 0 0 0 0 0 0 0 0 0 0 0 0 0 0 1 0 0 0 0 0 2 0 0 1 0 0 0 0 0 0 0 0 0 0 0 0 1 0 0 0 0 0 0 1 0 1 0 1 0 0 0 0 0 0 0 0 0 0 0 0 0 0 0 0 0 0 0 0 0 0 0 0 0 0 1 0 0 0 0 0 0 0 0 0 0 0 1 1 1 0 0 1 0 1 0 0 0 0 0 1 0 0 2 0 1 0 0 4 2 0 3 0 0 1 0 2 0 0 1 0 2 2 0 0 2 1 1 0 0 0 2 1 0 1 0 0 0 0 5 2 1 0 0 1 3 0 2 1 1 2 1 0 0 1 1 0 1 0 0 0 0 0 1 0 0 2 1 0 0 2 2 3 1 1 1 2 0 0 1 4 0 2 1 0 0 1 1 3 0 0 0 1 1 4 2 0 2 2 0 1 1 2 0 3 4 0 0 1 0 0 3 0 1 0 0 1 2 1 0 1 1 2 0 2 1 2 2 0 2 2 2 1 0 2 0 2 1 4 1 1 1 1 1 2 1 1 2 2 2 2 1 0 2 1 2 2 1 2 0 1 2 1 0 1 0 3 2 1 0 2 1 2 2 3 1 0 3 2 3 2 2 2 0 1 2 1 2 2 1 1 1 3 1 3 2 2 2 1 2 0 3 1 3 2 1 2 3 0 4 3 2 1 1 3 2 3 1 3 2 4 1 3 3 3 1 2 3 1 1 1 2 0 2 4 0 1 2 3 4 1 3 2 0 2 2 4 2 2 4 3 4 2 0 1 2 1 3 0 3 1 2 2 3 2 2 2 2 2 1 2 2 1 2 2 0 1 3 1 2 1 1 2 2 1 1 2 5 4 3 2 1 1 1 1 3 1 4 0 2 2 2 2 1 2 0 3 1 2 1 3 3 3 3 2 1 2 2 4 3 4 6 1 3 3 3 6 1 3 1 4 2 1 1 0 2 2 2 2 1559 
20000.0,44,2140,122.85329545454509,223.0119999999988,95.83480514018692,383.5689999999995,0.1,0 0 0 0 0 0 0 0 0 0 0 0 0 0 0 0 0 0 0 0 0 0 0 0 0 0 0 1 0 0 0 0 0 1 0 0 0 0 0 0 0 0 0 0 1 0 1 0 0 0 0 0 0 0 1 0 1 0 1 0 0 0 0 0 0 0 0 0 0 0 0 0 0 0 0 0 0 0 0 0 0 0 0 0 0 0 0 0 0 0 0 0 0 0 0 0 0 0 0 0 1 1 0 0 0 0 0 0 0 0 0 0 0 0 0 0 0 0 0 0 0 0 0 0 0 0 0 0 0 0 0 0 0 0 0 0 0 0 0 0 0 0 0 0 0 0 0 0 0 0 0 0 0 0 0 0 0 0 0 0 0 0 0 0 0 0 0 0 0 0 0 0 0 0 0 1 0 0 0 0 0 2 0 0 1 0 0 0 0 0 0 0 0 0 0 0 0 1 0 0 0 0 0 0 1 0 1 0 1 0 0 0 0 0 0 0 0 0 0 0 0 0 0 0 0 0 0 0 0 0 0 0 0 0 0 1 0 0 0 0 0 0 0 0 0 0 0 1 1 1 0 0 1 0 1 0 0 0 0 0 1 0 0 2 0 1 0 0 4 2 0 3 0 0 1 0 2 0 0 1 0 2 2 0 0 2 1 1 0 0 0 2 1 0 1 0 0 0 0 5 2 1 0 0 1 3 0 2 1 1 2 1 0 0 1 1 0 1 0 0 0 0 0 1 0 0 2 1 0 0 2 2 3 1 1 1 2 0 0 1 4 0 2 1 0 0 1 1 3 0 0 0 1 1 4 2 0 2 2 0 1 1 2 0 3 4 0 0 1 0 0 3 0 1 0 0 1 2 1 0 1 1 2 0 2 1 2 2 0 2 2 2 1 0 2 0 3 1 4 1 1 1 1 1 2 1 1 2 2 2 2 1 0 2 1 2 2 1 2 0 1 2 1 0 1 0 3 2 1 0 2 1 2 2 3 1 0 3 2 3 2 2 3 0 1 2 1 2 2 1 1 1 3 1 3 2 2 2 1 2 0 3 1 3 2 1 2 3 0 4 3 2 1 1 3 2 3 1 3 2 4 1 3 3 3 1 2 3 1 1 1 2 0 2 4 0 1 2 4 4 1 3 2 0 2 2 4 2 2 4 3 4 2 0 1 2 1 3 0 3 1 2 2 3 2 2 2 2 2 1 2 2 1 2 2 0 1 3 1 2 1 1 2 2 1 1 2 5 4 3 2 1 2 1 1 3 1 4 1 2 2 2 2 1 2 0 3 1 2 1 3 3 4 3 2 1 2 2 4 3 4 6 1 3 3 3 6 1 3 1 4 2 1 1 0 2 2 2 2 1597 
