time[ms],#packets last interval,#packets overall,overall avrg. packetsize [byte],overall sum packetsize [byte],overall thrp [Mb/s],thrp last interval [Mb/s]
0.0,0,0,0.0,0.0,0.0,0.0
500.0,285,285,1030.182456140351,293602.0,4.697632,4.697632
1000.0,296,581,1003.5574324324324,590655.0,4.72524,4.752848
1500.0,294,875,1011.1666666666666,887938.0,4.735669333333333,4.756528
2000.0,292,1167,998.1746575342465,1179405.0,4.71762,4.663472
2500.0,298,1465,999.3221476510067,1477203.0,4.727049600000001,4.764768
3000.0,301,1766,975.8471760797343,1770933.0,4.722488,4.69968
3500.0,301,2067,974.3189368770765,2064203.0,4.718178285714285,4.69232
4000.0,277,2344,1071.6245487364622,2361043.0,4.722086,4.749440000000001
4500.0,290,2634,1013.2965517241379,2654899.0,4.719820444444445,4.701696
5000.0,298,2932,968.4194630872483,2943488.0,4.7095807999999995,4.617424
5500.0,283,3215,1052.7526501766783,3241417.0,4.714788363636364,4.766864
6000.0,303,3518,959.1848184818482,3532050.0,4.7094,4.650128
6500.0,304,3822,975.6578947368421,3828650.0,4.712184615384615,4.7456
7000.0,294,4116,1005.8129251700681,4124359.0,4.713553142857143,4.731344
7500.0,295,4411,996.0271186440677,4418187.0,4.7127327999999995,4.701248
8000.0,288,4699,1020.65625,4712136.0,4.712136,4.703184
8500.0,312,5011,938.1955128205128,5004853.0,4.710449882352941,4.683472
9000.0,293,5304,995.9522184300341,5296667.0,4.708148444444444,4.669024
9500.0,293,5597,998.9453924914676,5589358.0,4.706827789473683,4.683056
10000.0,285,5882,1042.7929824561404,5886554.0,4.7092432,4.755136
10500.0,297,6179,985.946127946128,6179380.0,4.708099047619047,4.685216
11000.0,286,6465,1033.076923076923,6474840.0,4.708974545454546,4.72736
11500.0,297,6762,994.5185185185185,6770212.0,4.709712695652174,4.725952
12000.0,294,7056,999.2687074829932,7063997.0,4.709331333333334,4.70056
12500.0,292,7348,1008.5376712328767,7358490.0,4.7094336000000006,4.711888
13000.0,298,7646,978.0,7649934.0,4.707651692307692,4.663104
13500.0,290,7936,1019.4206896551724,7945566.0,4.7084835555555555,4.730112
14000.0,300,8236,971.3,8236956.0,4.706832,4.66224
14500.0,294,8530,1005.9829931972789,8532715.0,4.707704827586207,4.732144
15000.0,297,8827,982.7037037037037,8824578.0,4.706441600000001,4.669808
15500.0,297,9124,995.6195286195286,9120277.0,4.707239741935484,4.731184
16000.0,286,9410,1019.5419580419581,9411866.0,4.705933,4.665424
16500.0,309,9719,940.2847896440129,9702414.0,4.704200727272727,4.648768
17000.0,288,10007,1019.8888888888889,9996142.0,4.704066823529411,4.699648
17500.0,302,10309,977.8377483443709,1.0291449E7,4.7046624,4.724912
18000.0,290,10599,1024.4862068965517,1.058855E7,4.706022222222222,4.753616
18500.0,301,10900,961.2292358803986,1.087788E7,4.703948108108109,4.62928
19000.0,288,11188,1032.0243055555557,1.1175103E7,4.705306526315789,4.755568
19500.0,286,11474,1036.1048951048951,1.1471429E7,4.706227282051282,4.741216
20000.0,310,11784,941.7838709677419,1.1763382E7,4.7053528,4.671248
