time[ms],#packets last interval,#packets overall,overall avrg. packetsize [byte],overall sum packetsize [byte],overall offer [Mb/s],offer last interval [Mb/s]
0.0,0,0,0.0,0.0,0.0,0.0
500.0,814,814,1006.495085995086,819287.0,13.108592,13.108592
1000.0,831,1645,990.3910950661854,1642302.0,13.138416,13.16824
1500.0,824,2469,980.3143203883495,2450081.0,13.067098666666666,12.924464
2000.0,826,3295,962.4430992736078,3245059.0,12.980236,12.719648
2500.0,865,4160,1024.914450867052,4131610.0,13.221152,14.184816
3000.0,889,5049,990.7705286839146,5012405.0,13.366413333333334,14.09272
3500.0,813,5862,981.8831488314884,5810676.0,13.281545142857144,12.772336
4000.0,830,6692,1014.3228915662651,6652564.0,13.305128,13.470208
4500.0,815,7507,972.8834355828221,7445464.0,13.236380444444444,12.6864
5000.0,831,8338,985.5812274368232,8264482.0,13.223171200000001,13.104288
5500.0,793,9131,1055.1702395964692,9101232.0,13.238155636363635,13.388
6000.0,821,9952,984.8769792935444,9909816.0,13.213088,12.937344
6500.0,806,10758,953.7468982630273,1.0678536E7,13.142813538461539,12.29952
7000.0,826,11584,982.998789346247,1.1490493E7,13.131992,12.991312
7500.0,841,12425,980.5838287752675,1.2315164E7,13.136174933333333,13.194736
8000.0,799,13224,969.0225281602003,1.3089413E7,13.089413,12.387984
8500.0,807,14031,944.9182156133829,1.3851962E7,13.037140705882354,12.200784
9000.0,891,14922,985.7687991021324,1.4730282E7,13.093584,14.05312
9500.0,838,15760,1020.1312649164678,1.5585152E7,13.124338526315789,13.67792
10000.0,835,16595,1007.0646706586826,1.6426051E7,13.140840800000001,13.454384
10500.0,829,17424,1015.6091676718938,1.7267991E7,13.156564571428571,13.47104
11000.0,826,18250,1003.0811138014528,1.8096536E7,13.161117090909089,13.25672
11500.0,820,19070,1012.7560975609756,1.8926996E7,13.166605913043478,13.28736
12000.0,789,19859,1052.7287705956908,1.9757599E7,13.171732666666665,13.289648
12500.0,812,20671,1021.6440886699507,2.0587174E7,13.17579136,13.2732
13000.0,877,21548,1001.0011402508552,2.1465052E7,13.209262769230769,14.046048
13500.0,843,22391,1017.6654804270463,2.2322944E7,13.228411259259259,13.726272
14000.0,802,23193,993.0,2.311933E7,13.211045714285715,12.742176
14500.0,827,24020,999.8295042321645,2.3946189E7,13.211690482758621,13.229744
15000.0,839,24859,1021.6603098927294,2.4803362E7,13.228459733333333,13.714768
15500.0,835,25694,996.7449101796407,2.5635644E7,13.231300129032258,13.316512
16000.0,773,26467,1008.5549805950841,2.6415257E7,13.2076285,12.473808
16500.0,812,27279,968.2253694581281,2.7201456E7,13.188584727272728,12.579184
17000.0,898,28177,1022.8240534521158,2.8119952E7,13.232918588235295,14.695936
17500.0,868,29045,981.0299539170506,2.8971486E7,13.244107885714286,13.624544
18000.0,813,29858,1008.0086100861008,2.9790997E7,13.240443111111112,13.112176
18500.0,811,30669,969.4710234278668,3.0577238E7,13.222589405405406,12.579856
19000.0,826,31495,1022.4418886198547,3.1421775E7,13.23022105263158,13.512592
19500.0,833,32328,1007.9891956782714,3.226143E7,13.235458461538462,13.43448
20000.0,787,33115,993.9872935196951,3.3043698E7,13.2174792,12.516288
